Survey,All Bacc Institutions,4-yr Coll(Baccalaureate Institutions),Universities(Baccalaureate Institutions),Public 4-year Colleges,Private 4-year Colleges,Nonsec 4-year Colleges,Catholic 4-year Colleges,Oth Relig 4-year Colleges,Public Universities,Private Universities,All HBCU,Public HBCU,Private HBCU
First-time Full-time Freshmen,153015,96733,56282,38681,58052,26229,13149,18674,33242,23040,5261,2450,2811
How old will you be on December 31 of this year?,,,,,,,,,,,,,
17 or younger,1.8,1.8,1.8,1.9,1.7,2.0,1.6,1.5,1.8,1.8,2.6,2.3,3.1
18,70.4,70.2,70.6,73.2,66.1,67.5,70.1,62.7,71.0,68.7,68.1,68.1,68.1
19,26.3,26.0,26.6,23.0,30.0,28.4,26.9,33.2,26.3,28.2,26.1,26.7,24.9
20 or older,1.5,2.0,1.0,1.9,2.1,2.1,1.3,2.6,1.0,1.3,3.3,2.9,4.0
Is English your native language?,,,,,,,,,,,,,
Yes,88.2,88.2,88.2,85.2,92.2,90.0,91.5,94.9,88.3,87.7,97.6,97.9,97.2
No,11.8,11.8,11.8,14.8,7.8,10.0,8.5,5.1,11.7,12.3,2.4,2.1,2.8
In what year did you graduate from high school?,,,,,,,,,,,,,
2013,98.0,97.5,98.5,97.5,97.6,97.4,98.6,97.3,98.6,98.2,96.5,96.5,96.4
2012,1.4,1.7,1.1,1.7,1.7,1.9,1.0,1.8,1.0,1.3,2.2,2.3,2.1
2011 or earlier,0.5,0.7,0.4,0.7,0.6,0.6,0.4,0.8,0.4,0.4,1.1,1.0,1.3
Passed G.E.D./Never completed high school,0.1,0.1,0.1,0.1,0.1,0.1,0.1,0.2,0.0,0.1,0.3,0.2,0.3
Are you enrolled (or enrolling) as a:,,,,,,,,,,,,,
Full-time student,100.0,100.0,100.0,100.0,100.0,100.0,100.0,100.0,100.0,100.0,100.0,100.0,100.0
Part-time student,0.0,0.0,0.0,0.0,0.0,0.0,0.0,0.0,0.0,0.0,0.0,0.0,0.0
How many miles is this college from your,,,,,,,,,,,,,
permanent home?,,,,,,,,,,,,,
5 or less,5.4,6.5,4.2,7.9,4.7,4.3,6.5,4.3,4.2,4.1,4.6,4.4,5.0
6 to 10,7.2,8.9,5.4,11.3,5.7,5.4,9.8,4.1,5.7,4.3,5.4,4.7,6.6
11 to 50,28.4,31.2,25.3,38.2,21.8,21.2,31.3,18.0,26.3,21.1,17.4,17.1,17.9
51 to 100,16.1,17.0,15.2,17.1,16.8,15.4,16.3,18.6,16.9,8.3,17.3,21.9,9.0
101 to 500,26.6,23.3,30.1,18.4,30.0,28.2,23.4,35.0,31.4,24.9,32.3,38.0,22.0
Over 500,16.3,13.0,19.7,7.1,20.9,25.6,12.7,20.0,15.5,37.2,23.0,13.9,39.4
What was your average grade in high school?,,,,,,,,,,,,,
A or A+,26.5,18.4,35.1,14.2,24.2,23.7,23.2,25.2,34.4,38.0,10.8,8.5,14.9
A-,26.6,22.4,31.0,20.1,25.6,26.4,25.9,24.5,30.4,33.5,13.2,11.6,16.2
B+,20.6,23.4,17.6,24.8,21.6,21.8,24.2,20.1,17.8,16.8,23.6,23.6,23.6
B,18.1,23.7,12.1,28.0,17.9,18.6,17.6,17.2,12.9,9.0,24.6,26.2,21.7
B-,5.2,7.5,2.8,8.4,6.3,6.3,5.6,6.6,3.0,1.9,13.5,15.2,10.5
C+,2.2,3.3,1.1,3.4,3.2,2.4,2.4,4.3,1.2,0.6,10.2,11.3,8.2
C,0.7,1.1,0.3,1.0,1.3,0.7,1.0,1.9,0.3,0.2,3.7,3.4,4.4
D,0.0,0.0,0.0,0.0,0.1,0.1,0.0,0.1,0.0,0.0,0.3,0.1,0.6
From what kind of high school did you graduate?,,,,,,,,,,,,,
Public school (not charter or magnet),77.0,77.2,76.7,82.3,70.3,70.7,62.5,73.8,80.4,61.2,79.2,85.3,68.0
Public charter school,3.5,4.4,2.6,5.2,3.2,2.8,3.4,3.4,2.8,1.9,5.7,3.8,9.3
Public magnet school,2.8,3.1,2.5,3.6,2.4,2.6,2.0,2.4,2.4,3.1,7.9,7.0,9.5
Private religious/parochial school,10.0,9.5,10.6,6.3,13.9,11.3,24.1,11.7,8.8,17.9,4.9,2.7,8.7
Private independent college-prep school,6.1,5.0,7.2,2.2,8.9,11.9,7.6,6.5,5.2,15.4,2.2,1.0,4.4
Home school,0.6,0.7,0.4,0.4,1.3,0.7,0.4,2.3,0.4,0.4,0.2,0.2,0.2
"Prior to this term, have you ever taken courses for",,,,,,,,,,,,,
credit at this institution?,,,,,,,,,,,,,
Yes,5.7,6.2,5.1,7.0,5.2,4.9,5.6,5.2,5.2,4.9,7.1,6.2,8.8
No,94.3,93.8,94.9,93.0,94.8,95.1,94.4,94.8,94.8,95.1,92.9,93.8,91.2
"Since leaving high school, have you ever taken",,,,,,,,,,,,,
"courses, whether for credit or not for credit, at",,,,,,,,,,,,,
"any other institution (university, 4- or 2-year",,,,,,,,,,,,,
"college, technical, vocational, or business school)?",,,,,,,,,,,,,
Yes,10.4,10.9,10.0,10.6,11.3,10.7,11.5,11.8,10.1,9.7,13.2,12.2,15.0
No,89.6,89.1,90.0,89.4,88.7,89.3,88.5,88.2,89.9,90.3,86.8,87.8,85.0
Where do you plan to live during the fall term?,,,,,,,,,,,,,
With my family or other relatives,18.6,24.3,12.6,34.0,11.1,11.2,17.5,7.9,13.3,9.7,7.8,5.9,11.3
"Other private home, apartment, or room",2.1,1.9,2.3,2.8,0.8,1.0,0.7,0.6,2.6,0.9,2.5,2.6,2.3
College residence hall,75.8,70.0,82.1,58.0,86.4,85.6,80.8,90.0,80.6,87.9,86.9,89.1,82.8
Fraternity or sorority house,0.6,0.2,1.1,0.1,0.4,0.8,0.1,0.1,1.3,0.0,0.1,0.1,0.1
Other campus student housing,2.5,3.2,1.8,4.7,1.1,1.3,0.7,1.1,2.0,1.4,2.3,2.0,2.8
Other,0.3,0.3,0.2,0.4,0.2,0.2,0.2,0.2,0.2,0.1,0.5,0.4,0.6
To how many colleges other than this one did you,,,,,,,,,,,,,
apply for admission this year?,,,,,,,,,,,,,
None,9.8,10.7,8.7,10.5,11.0,10.4,8.2,12.9,9.5,5.6,7.5,7.3,7.7
1,7.7,7.9,7.5,8.0,7.7,6.9,5.7,9.5,8.3,4.1,5.8,5.9,5.7
2,10.1,10.8,9.2,11.2,10.4,8.9,8.3,12.9,10.1,5.4,12.0,13.4,9.5
3,13.7,15.7,11.6,16.9,14.1,12.4,12.7,16.5,12.3,8.6,17.3,17.9,16.0
4,12.9,14.6,11.1,15.4,13.4,12.4,13.3,14.5,11.4,10.0,17.4,18.6,15.2
5,10.5,10.8,10.1,10.7,11.0,10.8,12.0,10.8,9.9,10.6,12.7,12.9,12.2
6,8.6,8.0,9.2,7.7,8.3,8.7,10.4,6.8,8.9,10.4,8.6,8.3,9.2
7 to 10,20.1,16.8,23.7,16.5,17.2,20.4,21.8,11.7,22.2,30.2,12.4,11.0,15.0
11 or more,6.7,4.7,8.9,3.1,6.9,9.1,7.5,4.4,7.5,15.0,6.3,4.6,9.5
Were you accepted by your first choice college?,,,,,,,,,,,,,
Yes,72.7,75.6,69.6,71.8,80.7,77.7,80.5,83.9,70.2,67.1,74.2,73.7,75.0
No,27.3,24.4,30.4,28.2,19.3,22.3,19.5,16.1,29.8,32.9,25.8,26.3,25.0
Is this college your:,,,,,,,,,,,,,
First choice,55.0,55.2,54.8,51.6,60.1,59.2,57.3,62.3,54.6,55.5,41.7,38.4,47.8
Second choice,27.2,28.5,25.9,30.7,25.5,25.8,27.8,24.0,26.0,25.5,32.7,35.1,28.2
Third choice,11.0,10.6,11.5,11.6,9.4,9.6,9.9,8.9,11.5,11.4,14.6,15.4,13.0
Less than third choice,6.7,5.7,7.8,6.2,5.1,5.4,5.0,4.8,7.9,7.6,11.1,11.2,10.9
Citizenship status:,,,,,,,,,,,,,
U.S. citizen,94.9,95.6,94.3,95.9,95.1,93.1,96.6,96.4,94.9,91.8,98.8,99.1,98.1
Permanent resident (green card),2.0,2.0,2.2,2.4,1.4,1.8,1.5,0.9,2.2,1.9,0.4,0.4,0.5
International student,2.3,1.6,3.0,0.4,3.2,4.7,1.3,2.5,2.3,6.0,0.6,0.3,1.2
None of the above,0.7,0.9,0.5,1.3,0.4,0.4,0.6,0.3,0.6,0.3,0.2,0.2,0.2
Are your parents:,,,,,,,,,,,,,
Both alive and living with each other,70.5,66.2,75.0,64.8,68.2,68.0,70.4,67.3,74.2,78.3,33.7,32.9,35.2
"Both alive, divorced or living apart",26.1,30.0,22.0,31.4,28.0,28.1,26.0,28.9,22.8,18.9,59.0,60.1,57.1
One or both deceased,3.4,3.8,2.9,3.8,3.8,3.9,3.6,3.8,3.0,2.7,7.3,7.0,7.8
Please mark which of the following courses you,,,,,,,,,,,,,
have completed:,,,,,,,,,,,,,
Algebra II,98.3,98.2,98.4,98.8,97.2,97.0,98.1,97.1,98.5,98.2,96.4,96.8,95.8
Pre-calculus/Trigonometry,85.4,80.1,90.9,79.2,81.3,83.1,85.0,77.5,90.2,93.8,70.2,67.6,74.6
Probability & Statistics,33.7,31.6,35.9,30.2,33.5,34.0,29.6,34.9,35.5,37.3,27.0,23.8,32.5
Calculus,38.8,27.8,49.8,24.3,32.3,36.0,30.2,29.6,48.5,54.7,16.8,13.2,22.9
AP Probability & Statistics,21.2,15.4,27.0,15.6,15.2,17.0,12.9,14.6,26.7,28.4,9.9,9.2,11.0
AP Calculus,39.0,25.0,52.6,24.9,25.3,29.0,22.2,23.2,52.0,55.0,14.2,11.4,19.1
During high school (grades 9-12) how many years,,,,,,,,,,,,,
did you study each of the following subjects?,,,,,,,,,,,,,
English (4 years),97.8,97.5,98.0,98.1,96.8,96.8,98.0,96.3,98.0,97.8,94.7,94.3,95.4
Mathematics (3 years),98.9,98.5,99.4,98.5,98.5,98.6,99.0,98.3,99.3,99.4,96.8,96.2,97.8
Foreign Language (2 years),93.5,92.5,94.7,92.8,92.1,93.0,94.6,90.0,94.2,96.7,85.2,83.4,88.4
Physical Science (2 years),62.3,57.7,67.1,57.6,57.9,60.7,59.4,54.4,66.5,69.6,40.3,39.4,42.1
Biological Science (2 years),50.9,48.6,53.3,47.8,49.8,50.1,50.1,49.2,53.1,54.3,37.9,36.0,41.5
History/Am. Gov’t (1 year),98.6,98.5,98.7,98.5,98.3,98.5,98.8,97.9,98.8,98.4,96.2,96.2,96.2
Computer Science (1/2 year),44.2,46.0,42.3,45.8,46.2,42.7,45.4,50.2,43.1,39.0,45.7,45.5,46.1
Arts and/or Music (1 year),81.9,82.3,81.3,83.5,80.8,81.7,81.9,79.3,80.7,83.7,73.8,72.3,76.4
Have you had any remedial work in any of the,,,,,,,,,,,,,
following subjects?,,,,,,,,,,,,,
English,20.7,22.1,19.3,21.9,22.3,20.5,24.5,23.2,19.2,19.5,23.3,23.5,23.0
Reading,19.2,20.2,18.1,19.5,21.2,19.3,23.7,21.9,18.1,18.0,22.8,23.2,22.0
Mathematics,20.2,22.2,18.1,22.4,22.1,20.9,24.0,22.3,17.9,18.9,22.6,23.1,21.8
Writing,17.3,18.2,16.4,17.7,18.8,17.1,21.1,19.3,16.3,16.5,18.5,18.8,18.0
Do you feel you will need any remedial work in,,,,,,,,,,,,,
any of the following subjects?,,,,,,,,,,,,,
English,8.8,9.9,7.6,10.4,9.3,9.2,8.5,9.9,7.7,6.9,10.0,10.1,9.7
Reading,6.9,7.7,6.0,7.7,7.6,7.7,7.3,7.7,6.1,5.6,8.0,8.4,7.3
Mathematics,18.3,22.1,14.2,23.3,20.5,19.3,20.6,21.7,14.8,12.1,27.6,28.3,26.4
Writing,12.3,13.9,10.6,13.9,13.9,14.0,13.4,14.1,10.8,9.9,16.0,16.8,14.6
"At this institution, which course placement tests",,,,,,,,,,,,,
have you taken in the following subject areas:,,,,,,,,,,,,,
English,23.8,30.7,15.9,40.3,17.0,16.3,20.1,16.1,17.0,11.7,60.5,72.8,33.3
Reading,14.7,21.6,7.0,29.6,10.5,7.9,14.3,11.1,7.5,5.3,53.9,65.6,28.9
Mathematics,54.1,51.9,56.4,56.0,46.1,52.5,47.0,38.9,60.4,39.0,65.8,69.5,58.5
Writing,25.6,25.8,25.4,33.0,15.8,16.4,23.6,11.0,28.3,14.1,42.0,51.5,23.3
Do you consider yourself:,,,,,,,,,,,,,
Pre-Med,20.4,19.1,21.7,19.4,18.8,17.2,22.4,18.7,22.0,20.1,30.8,28.5,35.2
Pre-Law,6.4,6.7,6.1,6.5,6.9,7.0,7.1,6.8,5.7,7.7,12.7,11.5,14.9
Your intended major:,,,,,,,,,,,,,
Arts and Humanities,,,,,,,,,,,,,
"Art, fine and applied",1.3,1.7,0.9,1.5,1.9,3.3,0.8,1.1,0.9,1.0,1.0,1.1,0.7
English (language and literature),1.4,1.6,1.2,1.4,1.8,2.2,1.3,1.7,1.2,1.4,0.8,0.6,1.3
History,1.0,1.2,0.8,1.2,1.2,1.3,0.9,1.3,0.8,0.9,0.5,0.4,0.7
Journalism/Communication,2.2,2.2,2.2,2.2,2.3,2.2,2.9,2.2,1.9,3.5,3.4,3.7,2.9
Classical and Modern Languages and Literature,0.3,0.3,0.3,0.3,0.4,0.3,0.2,0.5,0.4,0.3,0.1,0.1,0.1
Media/Film Studies,0.9,1.1,0.8,1.2,0.9,0.9,0.5,1.1,0.5,1.6,1.2,0.4,2.7
Music,1.2,1.5,1.0,1.2,1.8,1.5,0.6,2.8,0.9,1.5,1.2,1.4,1.0
Philosophy,0.3,0.3,0.3,0.3,0.3,0.4,0.3,0.2,0.3,0.3,0.3,0.2,0.3
Theatre/Drama,0.8,0.8,0.7,0.7,1.0,1.0,0.3,1.3,0.6,1.3,0.8,0.6,1.2
Theology/Religion,0.2,0.3,0.1,0.1,0.5,0.2,0.2,1.0,0.1,0.2,0.2,0.2,0.1
Other Arts and Humanities,0.7,0.7,0.8,0.6,0.8,0.8,0.6,0.9,0.8,0.7,0.6,0.5,0.8
Your intended major (continued): (1),,,,,,,,,,,,,
Biological & Life Sciences,,,,,,,,,,,,,
Biology (general),6.9,6.5,7.3,5.8,7.5,6.9,10.1,6.8,7.0,8.2,12.0,9.4,16.6
Animal Biology (zoology),0.6,0.7,0.6,0.6,0.9,1.1,0.4,0.9,0.7,0.2,0.5,0.5,0.4
Ecology & Evolutionary Biology,0.1,0.1,0.2,0.1,0.1,0.1,0.0,0.2,0.2,0.2,0.2,0.2,0.1
Marine Biology,0.5,0.6,0.3,0.7,0.6,0.6,0.2,0.9,0.4,0.2,0.1,0.1,0.1
Microbiology,0.3,0.2,0.4,0.2,0.1,0.1,0.1,0.1,0.5,0.1,0.1,0.1,0.1
"Molecular, Cellular, & Developmental Biology",0.6,0.4,0.9,0.4,0.4,0.4,0.3,0.4,0.9,0.7,0.1,0.1,0.2
Neurobiology/Neuroscience,1.3,0.6,2.0,0.2,1.1,1.4,0.6,0.9,1.9,2.1,0.8,0.7,1.0
Plant Biology (botany),0.1,0.1,0.1,0.1,0.1,0.1,0.0,0.1,0.1,0.1,0.2,0.1,0.3
Agriculture/Natural Resources,0.3,0.3,0.3,0.3,0.3,0.3,0.1,0.3,0.3,0.2,0.7,1.0,0.1
Biochemistry/Biophysics,1.7,1.2,2.2,1.0,1.5,1.5,1.4,1.6,2.4,1.7,0.4,0.1,0.8
Environmental Science,0.8,0.9,0.7,0.7,1.1,1.3,0.4,1.3,0.7,0.6,0.3,0.3,0.2
Other Biological Science,0.6,0.4,0.9,0.3,0.4,0.5,0.3,0.4,1.0,0.5,0.3,0.2,0.4
Business,,,,,,,,,,,,,
Accounting,2.2,2.5,1.9,2.4,2.7,2.2,3.9,2.6,1.8,2.3,2.4,2.6,2.1
Business Administration (general),3.1,3.0,3.1,2.7,3.4,2.8,2.9,4.3,3.0,3.7,3.6,3.7,3.4
Entrepreneurship,0.7,0.6,0.7,0.4,0.9,1.1,0.7,0.8,0.6,1.4,0.9,0.9,1.0
Finance,2.1,1.4,2.9,1.2,1.8,1.7,3.7,1.0,2.5,4.3,1.0,0.7,1.6
Hospitality/Tourism,0.2,0.3,0.1,0.4,0.1,0.1,0.1,0.1,0.2,0.0,0.3,0.3,0.2
Human Resources Management,0.2,0.2,0.2,0.2,0.1,0.1,0.2,0.2,0.2,0.2,0.1,0.1,0.0
International Business,0.9,0.8,0.9,0.6,1.2,1.3,1.7,0.8,0.7,1.8,0.3,0.3,0.4
Marketing,2.2,2.0,2.4,1.9,2.2,2.0,4.4,1.5,2.3,2.6,1.9,2.0,1.6
Management,1.9,2.4,1.4,2.3,2.5,2.2,3.2,2.4,1.4,1.6,3.1,3.3,2.6
Computer/Management Information Systems,0.3,0.3,0.2,0.4,0.2,0.1,0.2,0.3,0.2,0.2,0.3,0.3,0.2
Real Estate,0.1,0.1,0.1,0.1,0.1,0.1,0.1,0.2,0.1,0.2,0.1,0.1,0.1
Other Business,0.7,0.6,0.8,0.4,1.0,1.1,0.8,1.0,0.7,1.0,0.3,0.3,0.2
Education,,,,,,,,,,,,,
Elementary Education,2.1,3.1,1.1,3.2,2.8,2.1,2.8,3.5,1.1,1.0,1.9,2.1,1.5
Music/Art Education,0.4,0.6,0.2,0.6,0.6,0.5,0.1,1.0,0.2,0.3,0.5,0.7,0.2
Physical Education/Recreation,0.4,0.6,0.2,0.6,0.7,0.3,0.3,1.2,0.2,0.1,1.5,2.1,0.3
Secondary Education,0.9,1.2,0.7,1.0,1.4,1.1,1.4,1.6,0.7,0.7,0.8,0.9,0.4
Special Education,0.8,1.0,0.5,1.1,0.8,0.8,0.8,0.9,0.5,0.5,0.3,0.4,0.2
Other Education,0.4,0.6,0.2,0.7,0.3,0.2,0.3,0.4,0.2,0.2,0.7,0.8,0.4
Engineering,,,,,,,,,,,,,
Aerospace/Aeronautical/Astronautical Engineering,0.8,0.8,0.9,1.3,0.2,0.2,0.4,0.1,1.0,0.4,0.2,0.2,0.3
Biological/Agricultural Engineering,0.2,0.1,0.3,0.1,0.1,0.1,0.1,0.1,0.3,0.1,0.2,0.2,0.2
Biomedical Engineering,1.3,0.4,2.3,0.4,0.3,0.4,0.4,0.2,2.4,1.6,0.3,0.1,0.8
Chemical Engineering,1.2,0.4,2.0,0.5,0.3,0.3,0.5,0.2,2.0,1.8,0.6,0.4,0.9
Civil Engineering,1.0,1.1,1.0,1.4,0.7,0.6,1.1,0.6,1.0,0.8,1.0,1.2,0.6
Computer Engineering,1.3,1.0,1.6,1.4,0.5,0.5,0.5,0.5,1.8,0.9,1.0,0.7,1.7
Electrical/Electronic Communications Engineering,1.1,0.9,1.4,1.2,0.4,0.4,0.5,0.3,1.5,1.0,1.5,1.9,0.6
Engineering Science/Engineering Physics,0.2,0.1,0.3,0.1,0.2,0.1,0.2,0.2,0.2,0.3,0.3,0.1,0.5
Environmental/Environmental Health Engineering,0.3,0.2,0.4,0.2,0.2,0.3,0.2,0.1,0.5,0.2,0.2,0.1,0.2
Industrial/Manufacturing Engineering,0.5,0.3,0.8,0.4,0.2,0.3,0.2,0.1,0.9,0.3,0.6,0.9,0.2
Materials Engineering,0.2,0.1,0.3,0.1,0.1,0.1,0.1,0.1,0.4,0.1,0.1,0.1,0.1
Mechanical Engineering,3.0,2.2,3.8,2.9,1.3,1.4,1.6,0.9,4.1,2.5,2.2,2.8,1.0
Other Engineering,0.6,0.6,0.7,0.8,0.4,0.4,0.3,0.4,0.7,0.5,0.4,0.5,0.3
Your intended major (continued): (2),,,,,,,,,,,,,
Health Professions,,,,,,,,,,,,,
Clinical Laboratory Science,0.2,0.2,0.1,0.2,0.1,0.1,0.1,0.1,0.1,0.1,0.3,0.3,0.2
Health Care Administration/Studies,0.3,0.4,0.2,0.4,0.3,0.2,0.5,0.3,0.2,0.4,0.3,0.3,0.3
Health Technology,0.1,0.2,0.1,0.2,0.1,0.1,0.2,0.1,0.1,0.1,0.1,0.1,0.0
Kinesiology,1.7,2.3,1.1,3.2,1.1,0.5,0.5,1.8,1.2,0.5,0.5,0.4,0.8
Nursing,4.4,5.9,2.8,6.4,5.2,3.8,8.9,4.9,2.8,2.5,8.0,10.6,3.1
Pharmacy,1.1,0.6,1.7,0.4,0.9,1.1,1.4,0.4,1.5,2.4,2.0,1.0,3.9
"Therapy (occupational, physical, speech)",2.1,2.6,1.6,2.2,3.1,3.0,3.0,3.4,1.6,1.6,2.9,4.0,1.0
Other Health Profession,2.0,2.1,2.0,1.7,2.5,2.7,2.4,2.4,2.0,1.8,1.4,1.5,1.4
Math and Computer Science,,,,,,,,,,,,,
Computer Science,3.5,2.9,4.0,3.5,2.1,2.5,2.0,1.8,4.2,3.2,3.0,3.0,3.1
Mathematics/Statistics,1.1,1.0,1.3,1.0,1.0,1.1,0.7,1.0,1.3,1.2,0.6,0.5,0.9
Other Math and Computer Science,0.3,0.3,0.3,0.3,0.3,0.3,0.1,0.3,0.3,0.3,0.1,0.1,0.0
Physical Science,,,,,,,,,,,,,
Astronomy & Astrophysics,0.1,0.1,0.2,0.1,0.1,0.1,0.0,0.2,0.2,0.1,0.0,0.0,0.0
Atmospheric Science,0.1,0.1,0.1,0.1,0.1,0.0,0.0,0.1,0.1,0.0,0.0,0.0,0.0
Chemistry,1.2,1.1,1.4,1.0,1.2,1.2,1.4,1.2,1.4,1.5,1.7,1.2,2.5
Earth & Planetary Sciences,0.1,0.1,0.1,0.2,0.1,0.2,0.1,0.1,0.2,0.1,0.2,0.1,0.2
Marine Sciences,0.1,0.1,0.1,0.1,0.1,0.1,0.0,0.2,0.1,0.1,0.1,0.1,0.1
Physics,0.7,0.6,0.9,0.5,0.7,0.9,0.3,0.7,0.9,0.7,0.4,0.3,0.5
Other Physical Science,0.2,0.2,0.2,0.1,0.2,0.3,0.1,0.2,0.2,0.1,0.1,0.1,0.1
Social Science,,,,,,,,,,,,,
Anthropology,0.3,0.3,0.4,0.3,0.3,0.3,0.1,0.3,0.4,0.3,0.1,0.1,0.1
Economics,1.1,0.7,1.6,0.5,1.1,1.8,0.4,0.7,1.4,2.1,0.3,0.0,0.6
Ethnic/Cultural Studies,0.1,0.1,0.1,0.1,0.1,0.1,0.1,0.2,0.1,0.1,0.1,0.0,0.1
Geography,0.0,0.0,0.0,0.0,0.1,0.0,0.0,0.1,0.0,0.1,0.0,0.0,0.1
"Political Science (gov’t., international relations)",2.3,2.1,2.5,1.7,2.7,3.5,2.0,2.2,2.3,3.4,2.5,1.5,4.1
Psychology,4.6,5.3,3.9,5.4,5.2,5.2,5.0,5.4,3.9,3.7,6.4,5.4,8.2
Public Policy,0.1,0.1,0.2,0.0,0.1,0.1,0.0,0.1,0.2,0.2,0.1,0.0,0.1
Social Work,0.6,0.8,0.4,1.0,0.6,0.4,0.8,0.8,0.4,0.3,2.5,2.8,2.0
Sociology,0.7,0.8,0.6,0.9,0.6,0.7,0.7,0.6,0.7,0.3,0.6,0.4,1.1
Women’s/Gender Studies,0.1,0.1,0.1,0.1,0.1,0.2,0.1,0.0,0.1,0.1,0.1,0.0,0.2
Other Social Science,0.3,0.3,0.3,0.3,0.3,0.2,0.2,0.4,0.3,0.3,0.1,0.2,0.0
Other Majors,,,,,,,,,,,,,
Architecture/Urban Planning,0.5,0.3,0.7,0.3,0.4,0.7,0.1,0.1,0.7,0.7,0.3,0.3,0.2
Criminal Justice,2.3,3.5,1.0,4.2,2.4,1.9,2.5,2.9,1.1,0.8,5.5,6.5,3.8
Library Science,0.0,0.0,0.0,0.0,0.0,0.0,0.0,0.0,0.0,0.0,0.1,0.1,0.0
Security & Protective Services,0.0,0.0,0.0,0.0,0.0,0.1,0.0,0.0,0.0,0.1,0.0,0.0,0.0
Military Sciences/Technology/Operations,0.1,0.1,0.0,0.1,0.0,0.0,0.0,0.1,0.0,0.0,0.0,0.0,0.1
Other,1.9,2.3,1.5,1.8,2.9,2.9,1.5,3.6,1.5,1.8,1.8,1.9,1.6
Undecided,9.6,9.2,10.1,9.4,8.9,10.2,8.2,7.9,10.4,8.8,3.9,4.2,3.3
How much of your first year’s educational,,,,,,,,,,,,,
"expenses (room, board, tuition, and fees) do you",,,,,,,,,,,,,
expect to cover from each of the sources listed,,,,,,,,,,,,,
below?,,,,,,,,,,,,,
"Family resources (parents, relatives, spouse, etc.)",,,,,,,,,,,,,
None,23.2,26.5,19.7,30.3,21.2,21.8,19.3,21.4,21.3,13.2,37.3,37.8,36.3
"Less than $1,000",10.7,13.0,8.2,15.3,9.8,9.0,9.6,10.8,9.0,4.7,19.9,21.7,16.6
"$1,000 to $2,999",11.6,13.7,9.2,14.8,12.2,11.1,12.1,13.5,9.9,6.5,18.0,19.1,15.9
"$3,000 to $5,999",10.8,11.8,9.8,12.0,11.4,10.0,11.5,12.7,10.4,7.4,10.6,10.4,11.1
"$6,000 to $9,999",9.2,9.5,8.9,8.9,10.3,10.1,10.1,10.6,9.2,7.9,5.1,4.8,5.7
"$10,000 or more",34.5,25.6,44.2,18.6,35.1,38.1,37.5,30.9,40.2,60.3,9.2,6.3,14.5
"My own resources (savings from work, work-",,,,,,,,,,,,,
"study, other income)",,,,,,,,,,,,,
None,38.6,38.8,38.5,40.1,37.0,39.2,35.0,35.6,37.0,44.6,50.0,49.0,51.9
"Less than $1,000",25.4,27.1,23.7,28.9,24.5,23.8,24.9,25.1,24.3,21.3,27.2,28.0,25.6
"$1,000 to $2,999",21.9,21.1,22.8,20.0,22.6,22.7,22.8,22.5,23.6,19.8,15.1,15.5,14.5
"$3,000 to $5,999",8.1,7.5,8.7,6.6,8.9,8.0,9.9,9.3,9.0,7.6,4.6,4.9,4.3
"$6,000 to $9,999",2.8,2.6,3.0,2.2,3.2,2.7,3.6,3.6,3.0,2.8,1.5,1.4,1.6
"$10,000 or more",3.1,2.9,3.3,2.3,3.8,3.6,3.8,3.9,3.1,4.0,1.6,1.3,2.1
"Aid which need not be repaid (grants,",,,,,,,,,,,,,
"scholarships, military funding, etc.)",,,,,,,,,,,,,
None,30.3,28.1,32.7,34.0,19.9,23.9,16.5,17.5,34.0,27.4,28.0,29.0,26.1
"Less than $1,000",5.7,6.1,5.3,8.4,2.9,2.8,2.6,3.1,6.1,2.1,6.4,7.0,5.2
"$1,000 to $2,999",10.4,10.1,10.8,12.7,6.5,5.9,6.9,6.8,12.4,4.5,14.9,16.8,11.4
"$3,000 to $5,999",11.9,12.7,11.1,15.6,8.6,7.7,8.4,9.6,12.4,5.8,18.4,19.4,16.6
"$6,000 to $9,999",10.3,10.5,10.2,11.2,9.5,8.4,10.5,10.0,11.2,5.9,11.6,12.2,10.4
"$10,000 or more",31.3,32.7,29.9,18.0,52.6,51.3,55.0,52.9,23.9,54.3,20.8,15.6,30.3
"Aid which must be repaid (loans, etc.)",,,,,,,,,,,,,
None,49.9,47.0,53.0,51.8,40.6,44.4,36.7,38.5,52.5,54.9,36.8,35.5,39.0
"Less than $1,000",3.7,4.4,3.1,5.0,3.5,3.2,3.6,3.8,3.3,1.9,7.4,8.2,5.8
"$1,000 to $2,999",8.3,9.4,7.2,9.8,8.9,8.1,9.1,9.6,7.7,5.1,12.7,14.8,8.8
"$3,000 to $5,999",16.1,16.9,15.2,15.7,18.4,17.0,20.4,19.0,15.6,13.6,16.5,18.2,13.4
"$6,000 to $9,999",9.2,9.5,8.9,7.9,11.8,10.5,11.9,12.9,9.1,8.3,11.1,11.7,10.0
"$10,000 or more",12.7,12.7,12.7,9.7,16.8,16.7,18.3,16.2,11.9,16.2,15.6,11.6,23.0
Other than above,,,,,,,,,,,,,
None,92.7,92.0,93.5,92.4,91.3,92.0,90.4,91.0,93.5,93.6,90.3,90.8,89.4
"Less than $1,000",2.6,2.9,2.3,3.0,2.6,2.4,2.8,2.7,2.4,1.5,3.4,3.4,3.3
"$1,000 to $2,999",1.6,1.8,1.4,1.8,1.9,1.8,2.1,2.0,1.5,1.1,2.6,2.7,2.4
"$3,000 to $5,999",1.1,1.2,0.9,1.1,1.3,1.1,1.7,1.4,0.9,0.9,1.4,1.2,1.8
"$6,000 to $9,999",0.7,0.7,0.6,0.6,0.9,0.8,0.9,1.0,0.6,0.6,1.0,1.0,1.0
"$10,000 or more",1.3,1.4,1.3,1.0,1.9,1.9,2.1,1.9,1.0,2.2,1.2,0.8,1.9
What is your best estimate of your parents’ total,,,,,,,,,,,,,
income last year?,,,,,,,,,,,,,
"Less than $10,000",3.9,5.1,2.6,5.8,4.1,4.0,4.0,4.3,2.8,1.8,15.8,17.1,13.3
"$10,000 to $14,999",3.0,3.9,2.1,4.5,2.9,2.7,2.8,3.2,2.3,1.4,7.4,8.0,6.5
"$15,000 to $19,999",2.8,3.5,2.1,4.1,2.5,2.6,2.4,2.5,2.3,1.5,4.8,5.0,4.5
"$20,000 to $24,999",3.8,4.7,2.8,5.6,3.5,3.4,3.3,3.6,3.1,2.0,7.2,7.4,6.9
"$25,000 to $29,999",3.1,3.8,2.4,4.3,3.1,2.8,2.9,3.4,2.6,1.7,5.4,5.5,5.3
"$30,000 to $39,999",5.8,6.8,4.6,7.5,5.9,5.6,5.3,6.4,4.8,3.8,8.9,9.1,8.4
"$40,000 to $49,999",6.7,7.9,5.5,8.4,7.2,6.8,6.6,7.8,5.7,4.4,10.7,11.2,9.9
"$50,000 to $59,999",7.2,8.1,6.2,8.0,8.3,7.9,7.1,9.2,6.4,5.5,9.0,9.1,8.8
"$60,000 to $74,999",9.3,10.2,8.3,10.0,10.5,10.0,9.3,11.5,8.6,6.9,8.6,8.8,8.1
"$75,000 to $99,999",12.6,12.9,12.2,12.5,13.4,12.8,13.3,14.0,12.6,10.7,8.0,7.6,8.7
"$100,000 to $149,999",17.7,16.0,19.6,15.3,17.0,17.4,18.5,16.0,19.9,18.3,7.8,6.9,9.5
"$150,000 to $199,999",9.0,7.7,10.5,7.2,8.4,8.8,9.3,7.5,10.3,10.9,3.2,2.4,4.7
"$200,000 to $249,999",5.4,4.0,6.9,3.3,4.9,5.2,6.0,4.0,6.5,8.4,1.3,0.9,2.1
"$250,000 or more",9.7,5.5,14.2,3.4,8.5,10.0,9.2,6.6,12.1,22.6,1.9,1.1,3.3
Do you have any concern about your ability to,,,,,,,,,,,,,
finance your college education?,,,,,,,,,,,,,
None (I am confident that I will have sufficient funds),33.1,30.5,36.0,28.9,32.7,34.2,30.3,32.4,34.7,40.9,27.5,28.3,26.0
Some (but I probably will have enough funds),54.5,55.9,53.1,56.6,54.9,53.4,56.6,55.6,54.1,48.9,52.4,54.1,49.4
Major (not sure I will have enough funds to,,,,,,,,,,,,,
complete college),12.3,13.6,11.0,14.5,12.4,12.4,13.1,12.0,11.2,10.2,20.1,17.7,24.5
Your current religious preference,,,,,,,,,,,,,
Baptist,7.7,10.7,4.6,9.3,12.5,9.5,5.6,18.8,4.5,4.9,46.4,46.9,45.5
Buddhist,1.6,1.4,1.8,1.8,0.9,1.2,0.8,0.6,1.9,1.5,0.5,0.4,0.7
Church of Christ,6.0,7.3,4.7,8.2,6.1,5.7,5.5,6.7,5.1,3.1,14.2,15.9,11.0
Eastern Orthodox,0.8,0.6,1.0,0.7,0.6,0.7,0.6,0.4,1.0,1.4,0.1,0.1,0.2
Episcopalian,1.1,1.1,1.1,0.8,1.5,1.8,0.8,1.4,0.9,1.9,0.4,0.3,0.7
Hindu,1.0,0.4,1.5,0.4,0.5,0.7,0.4,0.3,1.5,1.8,0.1,0.1,0.1
Jewish,2.8,1.6,4.2,1.4,1.8,3.0,0.4,1.3,3.8,5.6,0.1,0.0,0.2
LDS (Mormon),0.2,0.3,0.2,0.3,0.2,0.2,0.1,0.2,0.3,0.1,0.0,0.0,0.1
Lutheran,2.6,2.4,2.9,1.6,3.5,2.4,2.8,5.0,3.1,1.9,0.2,0.1,0.3
Methodist,3.0,3.2,2.7,2.5,4.3,3.4,1.7,6.4,2.6,3.0,4.1,3.5,5.1
Muslim,1.7,1.2,2.3,1.3,0.9,1.2,1.2,0.6,2.2,2.7,1.4,1.0,2.2
Presbyterian,2.4,2.2,2.7,1.7,2.8,2.4,1.2,3.8,2.5,3.3,0.8,0.9,0.7
Quaker,0.2,0.2,0.1,0.1,0.3,0.3,0.1,0.3,0.1,0.2,0.0,0.0,0.0
Roman Catholic,25.3,25.8,24.8,26.9,24.4,23.3,51.2,12.5,24.0,28.2,3.9,2.0,7.4
Seventh-day Adventist,0.3,0.4,0.3,0.4,0.3,0.4,0.3,0.2,0.3,0.2,0.6,0.8,0.3
United Church of Christ/Congregational,0.6,0.6,0.6,0.6,0.7,0.8,0.5,0.8,0.6,0.6,0.7,0.8,0.4
Other Christian,12.2,13.8,10.6,13.0,14.8,11.5,9.5,20.7,10.7,9.9,15.6,16.3,14.4
Other Religion,2.7,3.0,2.5,3.2,2.7,3.0,2.3,2.6,2.6,2.1,2.3,2.3,2.3
None,27.5,23.9,31.4,25.7,21.4,28.4,14.9,17.4,32.4,27.7,8.6,8.6,8.5
Father’s current religious preference,,,,,,,,,,,,,
Baptist,8.0,10.8,5.1,9.4,12.6,9.9,5.8,18.7,5.1,5.2,45.6,46.3,44.2
Buddhist,2.2,1.8,2.7,2.4,1.0,1.3,0.8,0.7,2.8,2.3,0.5,0.2,0.9
Church of Christ,6.5,7.7,5.3,8.7,6.3,6.4,5.6,6.6,5.8,3.5,13.3,14.9,10.2
Eastern Orthodox,1.0,0.7,1.2,0.8,0.7,0.8,0.8,0.4,1.1,1.6,0.1,0.1,0.2
Episcopalian,1.2,1.1,1.4,0.8,1.5,1.9,0.9,1.5,1.1,2.3,0.4,0.3,0.5
Hindu,1.3,0.6,2.1,0.5,0.6,0.9,0.5,0.4,2.0,2.4,0.1,0.2,0.1
Jewish,3.5,2.1,4.9,1.8,2.4,3.8,0.8,1.8,4.5,6.5,0.1,0.1,0.2
LDS (Mormon),0.3,0.3,0.3,0.3,0.2,0.3,0.2,0.2,0.4,0.1,0.0,0.0,0.1
Lutheran,3.2,2.8,3.6,1.9,4.1,3.1,3.2,5.5,3.9,2.7,0.3,0.3,0.1
Methodist,3.4,3.5,3.3,2.8,4.5,3.7,2.0,6.5,3.2,3.5,3.8,3.3,4.7
Muslim,2.2,1.6,2.8,1.8,1.3,1.6,1.6,0.8,2.7,3.3,2.9,2.5,3.6
Presbyterian,2.9,2.5,3.4,1.9,3.3,3.1,1.6,4.2,3.3,3.9,0.7,0.7,0.6
Quaker,0.2,0.2,0.1,0.2,0.2,0.3,0.1,0.2,0.1,0.2,0.1,0.1,0.0
Roman Catholic,29.1,29.3,28.9,31.1,26.9,26.4,52.1,15.1,28.3,31.3,4.6,2.6,8.1
Seventh-day Adventist,0.4,0.4,0.3,0.5,0.4,0.4,0.4,0.3,0.3,0.4,0.4,0.4,0.5
United Church of Christ/Congregational,0.7,0.7,0.6,0.5,0.8,0.9,0.5,0.8,0.7,0.6,0.6,0.7,0.5
Other Christian,12.4,13.8,11.0,13.1,14.7,12.2,9.4,19.9,11.3,9.9,14.0,14.6,12.9
Other Religion,2.4,2.7,2.2,3.0,2.3,2.4,1.8,2.4,2.3,1.7,2.2,2.1,2.3
None,19.0,17.4,20.7,18.2,16.3,20.6,11.7,14.1,21.3,18.7,10.4,10.6,10.1
Mother’s current religious preference,,,,,,,,,,,,,
Baptist,8.6,11.5,5.4,10.1,13.4,10.6,6.4,19.8,5.3,5.6,49.0,49.5,48.0
Buddhist,2.5,2.0,3.1,2.6,1.1,1.6,0.9,0.7,3.3,2.6,0.5,0.2,0.9
Church of Christ,7.3,8.6,5.8,9.9,6.9,7.0,6.2,7.0,6.3,4.0,14.9,16.6,11.8
Eastern Orthodox,1.0,0.8,1.2,0.8,0.7,0.9,0.7,0.5,1.1,1.6,0.2,0.1,0.2
Episcopalian,1.4,1.3,1.5,1.0,1.8,2.3,1.0,1.8,1.3,2.5,0.5,0.3,0.8
Hindu,1.3,0.5,2.0,0.5,0.6,0.9,0.5,0.4,2.0,2.4,0.1,0.2,0.0
Jewish,3.3,1.9,4.7,1.8,2.2,3.5,0.7,1.5,4.4,6.1,0.1,0.1,0.1
LDS (Mormon),0.3,0.3,0.4,0.4,0.2,0.3,0.1,0.2,0.4,0.2,0.1,0.1,0.1
Lutheran,3.5,3.1,4.0,2.1,4.4,3.2,3.4,6.1,4.3,2.8,0.3,0.2,0.3
Methodist,3.8,3.9,3.6,3.0,5.0,4.3,2.1,7.2,3.6,3.8,3.8,3.1,5.0
Muslim,1.9,1.3,2.6,1.4,1.0,1.3,1.3,0.6,2.5,3.0,1.3,1.0,1.9
Presbyterian,3.2,2.7,3.6,2.1,3.5,3.4,1.5,4.6,3.5,4.2,0.8,0.8,0.8
Quaker,0.2,0.2,0.2,0.1,0.3,0.3,0.1,0.3,0.1,0.2,0.0,0.1,0.0
Roman Catholic,30.8,30.8,30.8,32.6,28.3,28.0,54.6,15.7,30.1,33.6,4.0,1.9,7.6
Seventh-day Adventist,0.4,0.5,0.4,0.6,0.4,0.4,0.4,0.3,0.4,0.3,0.8,1.0,0.5
United Church of Christ/Congregational,0.8,0.8,0.7,0.7,1.0,1.2,0.7,0.9,0.8,0.7,0.7,0.8,0.6
Other Christian,13.6,15.0,12.1,14.5,15.5,13.0,10.2,20.8,12.4,10.6,15.8,16.4,14.7
Other Religion,2.5,2.6,2.3,2.8,2.3,2.6,1.7,2.4,2.4,1.8,2.0,2.1,1.9
None,13.8,12.2,15.5,12.8,11.3,15.0,7.5,9.4,15.9,14.0,5.2,5.5,4.8
Highest academic degree planned,,,,,,,,,,,,,
None,0.5,0.6,0.3,0.6,0.6,0.5,0.4,0.8,0.3,0.4,1.7,1.7,1.5
Vocational certificate,0.1,0.1,0.1,0.1,0.1,0.1,0.1,0.2,0.1,0.1,0.2,0.2,0.1
Associate (A.A. or equivalent),0.5,0.7,0.3,0.6,0.7,0.5,0.6,0.9,0.3,0.2,1.0,1.2,0.7
"Bachelor’s degree (B.A., B.S., etc.)",22.1,25.0,19.0,26.0,23.7,21.0,20.4,28.1,19.8,15.9,17.0,19.1,13.2
"Master’s degree (M.A., M.S., etc.)",43.1,44.0,42.2,45.8,41.6,42.2,45.1,39.2,42.0,42.9,36.3,39.9,29.8
Ph.D. or Ed.D.,18.9,18.2,19.6,17.8,18.7,20.2,17.0,17.9,19.8,18.9,27.5,25.3,31.3
"M.D., D.O., D.D.S., D.V.M.",10.2,7.2,13.3,5.8,9.1,9.2,11.2,8.0,13.2,14.0,9.7,7.1,14.3
J.D. (Law),3.5,3.0,4.2,2.2,4.0,4.6,4.0,3.3,3.7,6.1,5.0,3.8,7.2
B.D. or M.DIV. (Divinity),0.2,0.2,0.1,0.2,0.3,0.3,0.2,0.4,0.1,0.1,0.6,0.5,0.8
Other,1.0,1.0,0.9,0.8,1.2,1.3,1.2,1.2,0.8,1.5,1.1,1.1,1.0
Highest academic degree planned at this college,,,,,,,,,,,,,
None,0.9,1.1,0.7,1.2,1.0,0.8,0.9,1.4,0.7,0.5,2.6,3.0,2.0
Vocational certificate,0.2,0.2,0.1,0.1,0.3,0.2,0.1,0.4,0.1,0.2,0.2,0.2,0.3
Associate (A.A. or equivalent),1.9,2.7,1.1,2.9,2.3,2.4,1.6,2.7,1.2,0.6,4.3,5.1,3.0
"Bachelor’s degree (B.A., B.S., etc.)",68.4,70.6,66.1,68.0,74.1,75.5,64.2,77.6,65.9,66.7,62.0,58.7,67.7
"Master’s degree (M.A., M.S., etc.)",21.6,20.8,22.5,23.4,17.3,16.3,25.3,14.2,22.4,22.7,20.2,22.6,16.1
Ph.D. or Ed.D.,3.7,2.7,4.7,2.7,2.7,2.7,4.0,2.1,4.9,4.1,7.2,7.0,7.7
"M.D., D.O., D.D.S., D.V.M.",2.0,0.7,3.4,0.7,0.8,0.5,2.1,0.4,3.5,2.6,1.0,0.9,1.1
J.D. (Law),0.5,0.3,0.7,0.2,0.4,0.4,0.6,0.3,0.5,1.1,1.0,1.2,0.7
B.D. or M.DIV. (Divinity),0.1,0.1,0.1,0.1,0.1,0.1,0.1,0.1,0.0,0.1,0.4,0.5,0.3
Other,0.8,0.7,0.8,0.6,0.9,1.0,1.0,0.9,0.7,1.3,1.0,0.9,1.1
"For the activities below, indicate which ones you",,,,,,,,,,,,,
“Frequently” or “Occasionally” did during the,,,,,,,,,,,,,
past year:,,,,,,,,,,,,,
Attended a religious service,70.7,72.5,68.7,69.5,76.5,69.7,81.2,81.2,67.6,73.3,88.0,87.2,89.4
Was bored in class*,37.0,35.2,38.9,36.1,34.1,34.3,31.8,34.9,39.2,37.7,34.7,35.8,32.7
"Demonstrated for a cause (e.g., boycott, rally, protest)",21.4,21.2,21.6,20.3,22.5,23.3,23.6,21.2,20.8,24.8,28.3,26.6,31.3
Tutored another student,61.3,56.5,66.6,57.1,55.7,55.8,59.9,53.6,66.0,69.1,58.9,56.0,64.2
Studied with other students,89.0,87.5,90.5,87.3,87.9,88.1,89.5,86.9,90.1,92.1,88.7,87.3,91.2
Was a guest in a teacher’s home,16.9,16.9,17.0,13.9,20.9,19.9,15.1,24.7,16.2,20.0,17.9,16.8,19.9
Smoked cigarettes*,1.7,1.9,1.6,1.8,2.0,2.4,1.5,1.9,1.5,1.7,1.2,1.3,1.0
Drank beer,33.5,30.8,36.4,28.5,34.0,38.6,35.4,28.6,34.6,43.2,11.8,11.8,11.8
Drank wine or liquor,38.7,36.4,41.2,33.7,39.9,44.7,40.5,34.8,39.3,49.0,31.4,30.9,32.4
Felt overwhelmed by all I had to do*,34.6,35.3,33.9,34.7,36.1,36.3,35.9,36.1,33.6,35.3,31.4,29.3,35.3
Felt depressed*,9.5,10.2,8.7,10.1,10.4,10.9,8.9,10.4,8.7,8.5,11.4,10.8,12.5
Performed volunteer work,88.3,86.4,90.4,84.6,88.8,88.5,91.1,87.9,89.8,92.7,84.5,82.4,88.4
Asked a teacher for advice after class*,31.5,30.9,32.2,29.1,33.5,34.3,33.5,32.6,31.2,36.1,37.3,35.7,40.3
Voted in a student election*,19.1,18.7,19.6,17.9,19.9,19.7,21.1,19.5,18.8,22.6,26.5,23.7,31.7
Socialized with someone of another racial/ethnic,,,,,,,,,,,,,
group*,73.5,73.1,74.0,74.1,71.7,73.6,70.2,70.4,73.3,76.6,71.8,70.9,73.3
Came late to class,52.9,52.7,53.2,54.2,50.7,53.0,47.6,49.7,52.8,54.8,63.3,65.3,59.7
Used the Internet for research or homework*,82.0,79.8,84.4,79.3,80.5,81.5,79.1,80.1,84.0,86.0,77.8,76.6,80.2
Performed community service as a part of a class,56.4,57.4,55.4,55.5,60.0,58.2,66.2,58.9,54.2,59.9,60.7,58.0,65.6
Discussed religion*,29.6,28.9,30.4,25.0,34.2,30.2,34.1,38.2,28.9,36.4,32.2,28.9,38.2
Discussed politics*,29.3,26.8,32.1,25.1,29.0,29.3,29.0,28.7,31.1,36.0,22.6,18.5,30.1
"Worked on a local, state, or national political",,,,,,,,,,,,,
campaign,8.5,8.3,8.7,7.8,8.9,8.7,9.2,9.1,8.2,10.5,12.8,11.9,14.6
Skipped school/class,27.0,26.7,27.3,27.8,25.2,26.6,21.9,25.3,27.6,26.1,28.0,29.4,25.4
Publicly communicated my opinion about a cause,,,,,,,,,,,,,
"(e.g., blog, email, petition)",43.8,43.5,44.1,42.3,45.1,46.3,41.6,45.5,43.3,47.5,53.1,52.0,55.2
Helped raise money for a cause or campaign,56.7,56.8,56.7,54.0,60.6,59.5,62.5,60.9,55.6,60.8,61.9,62.4,60.9
Fell asleep in class,43.1,43.8,42.2,44.7,42.5,41.8,38.5,45.2,42.2,42.3,56.9,58.4,54.0
Failed to complete homework on time,52.5,54.5,50.3,55.1,53.6,55.2,48.9,54.3,50.3,50.0,53.2,53.5,52.6
"Used an online instructional website (e.g., (1)",,,,,,,,,,,,,
"Khan Academy, Coursera) as assigned for a class",46.9,47.2,46.6,46.6,48.0,48.1,48.8,47.6,46.2,48.1,58.6,58.0,59.9
"Used an online instructional website (e.g., (2)",,,,,,,,,,,,,
"Khan Academy, Coursera) to learn something",,,,,,,,,,,,,
on your own,72.1,73.2,71.0,74.6,71.2,72.3,66.8,72.2,71.0,70.9,89.4,89.1,89.9
*responses for “Frequently” only,,,,,,,,,,,,,
Students rated as “A Major Strength” or,,,,,,,,,,,,,
“Somewhat Strong” in the following areas:,,,,,,,,,,,,,
Ability to see the world from someone else’s,,,,,,,,,,,,,
perspective,76.1,73.8,78.7,73.2,74.5,76.2,75.6,72.2,78.2,80.6,70.9,68.3,75.5
Tolerance of others with different beliefs,80.7,78.0,83.7,77.8,78.3,81.1,79.3,75.0,83.4,85.1,71.8,70.0,75.0
Openness to having my own views challenged,63.2,62.1,64.5,62.4,61.6,63.0,62.7,59.7,64.1,65.8,68.9,68.2,70.2
Ability to discuss and negotiate controversial issues,70.1,67.6,72.7,67.2,68.2,69.9,68.5,66.2,72.4,74.1,71.8,70.4,74.3
Ability to work cooperatively with diverse people,85.5,84.3,86.9,84.3,84.3,85.5,85.6,82.5,86.8,87.3,84.3,83.6,85.7
What is the highest level of formal education (1),,,,,,,,,,,,,
obtained by your father?,,,,,,,,,,,,,
Junior high/Middle school or less,5.9,7.5,4.0,10.3,3.8,3.8,4.7,3.4,4.4,2.6,6.0,6.2,5.5
Some high school,5.5,7.0,3.8,8.6,4.7,4.5,5.0,4.8,4.1,2.9,10.6,10.9,9.9
High school graduate,17.1,20.7,13.2,22.1,18.9,17.2,18.8,20.7,14.0,9.9,30.9,32.1,28.7
Postsecondary school other than college,3.1,3.6,2.6,3.5,3.7,3.8,3.6,3.7,2.8,2.2,3.3,3.2,3.6
Some college,13.7,15.5,11.7,16.3,14.4,14.2,13.8,15.0,12.2,9.6,19.6,20.4,18.1
College degree,28.5,26.1,31.1,23.5,29.6,29.2,30.3,29.7,30.8,32.3,18.5,18.6,18.3
Some graduate school,1.9,1.6,2.1,1.3,2.0,2.2,1.9,1.9,2.1,2.5,1.2,0.9,1.7
Graduate degree,24.4,18.0,31.4,14.5,22.8,25.3,21.9,20.8,29.7,38.1,9.9,7.6,14.2
What is the highest level of formal education (2),,,,,,,,,,,,,
obtained by your mother?,,,,,,,,,,,,,
Junior high/Middle school or less,5.2,6.6,3.7,9.2,3.1,3.1,3.9,2.7,4.1,2.2,4.3,4.6,3.8
Some high school,3.9,4.9,2.8,6.3,3.0,3.1,3.4,2.8,3.1,2.0,6.0,6.2,5.6
High school graduate,14.9,17.3,12.3,18.9,15.1,14.1,15.4,16.0,13.1,8.9,18.4,19.7,16.1
Postsecondary school other than college,3.0,3.4,2.7,3.3,3.5,3.4,3.6,3.4,2.8,2.1,3.0,2.7,3.6
Some college,14.8,16.6,12.8,17.6,15.3,14.3,14.5,16.6,13.3,10.6,22.9,23.5,21.9
College degree,34.5,31.7,37.7,28.6,35.8,35.4,35.9,36.2,36.9,40.6,26.8,27.6,25.2
Some graduate school,2.5,2.1,2.8,1.8,2.6,2.7,2.7,2.6,2.7,3.2,2.0,1.7,2.6
Graduate degree,21.1,17.4,25.2,14.3,21.6,23.8,20.6,19.7,23.9,30.3,16.6,14.0,21.4
"During the past year, did you “Frequently”:",,,,,,,,,,,,,
Ask questions in class,55.4,53.8,57.2,51.2,57.4,59.3,58.1,55.1,55.6,63.2,62.7,61.6,64.7
Support your opinions with a logical argument,60.8,56.0,66.1,54.2,58.5,61.8,58.5,55.1,64.8,70.8,57.8,56.1,60.9
Seek solutions to problems and explain them to,,,,,,,,,,,,,
others,56.4,52.4,60.9,51.2,54.1,56.6,54.6,51.3,59.7,65.4,55.3,54.1,57.4
Revise your papers to improve your writing,50.8,49.0,52.8,46.1,53.0,52.7,55.6,52.0,51.5,57.8,51.8,49.2,56.6
Evaluate the quality or reliability of information you,,,,,,,,,,,,,
received,44.1,41.5,47.0,40.3,43.1,44.1,43.8,41.9,45.8,51.5,46.1,44.0,49.9
Take a risk because you feel you have more to gain,39.6,38.9,40.3,38.3,39.7,40.1,39.7,39.3,39.6,43.1,43.1,41.6,46.0
Seek alternative solutions to a problem,48.3,47.4,49.2,47.1,47.8,48.8,49.1,46.3,48.3,53.0,50.7,48.9,54.1
Look up scientific research articles and resources,29.9,28.1,32.0,27.3,29.1,29.8,30.3,27.7,31.5,33.9,28.3,26.6,31.6
"Explore topics on your own, even though it is not",,,,,,,,,,,,,
required for a class,37.5,35.3,39.9,34.7,36.1,38.2,34.4,34.8,39.1,43.3,37.2,34.9,41.2
Accept mistakes as part of the learning process,57.6,57.8,57.5,59.0,56.2,57.0,56.9,55.1,57.1,58.7,64.1,63.4,65.5
Seek feedback on your academic work,49.6,48.8,50.6,46.5,51.9,52.6,53.8,50.2,49.4,55.3,58.1,55.7,62.5
Work with other students on group projects,52.3,50.9,53.8,51.0,50.8,50.6,54.8,49.2,53.2,55.9,53.7,52.5,55.9
Integrate skills and knowledge from different sources,,,,,,,,,,,,,
and experiences,57.5,53.9,61.6,52.6,55.6,57.3,58.0,52.8,60.3,66.7,51.9,48.1,58.9
Your intended career occupation,,,,,,,,,,,,,
Actor or Entertainer,1.1,1.3,1.0,1.1,1.6,1.8,0.7,1.7,0.8,1.5,1.1,0.7,1.8
Artist,0.9,1.2,0.6,1.1,1.4,2.5,0.6,0.7,0.6,0.6,0.6,0.5,0.7
Graphic Designer,0.9,1.1,0.6,1.2,1.1,1.3,0.6,1.1,0.7,0.6,0.8,0.9,0.6
Musician,1.5,1.7,1.3,1.6,1.9,1.7,0.8,2.7,1.2,1.8,2.5,2.8,1.8
Writer/Producer/Director,1.6,1.9,1.4,1.7,2.1,2.3,1.1,2.5,1.1,2.4,1.0,0.9,1.3
Farmer or Forester,0.4,0.5,0.3,0.5,0.4,0.5,0.1,0.5,0.3,0.3,0.9,0.6,1.4
Natural Resource Specialist/Environmentalist,0.7,0.8,0.5,0.6,1.1,1.1,0.3,1.4,0.6,0.3,0.5,0.4,0.8
Accountant,1.6,1.7,1.5,1.5,1.9,1.5,3.2,1.7,1.5,1.5,1.4,1.6,1.1
Administrative Assistant,0.4,0.5,0.3,0.5,0.5,0.5,0.2,0.6,0.3,0.2,0.4,0.3,0.6
Business Manager/Executive,2.7,2.4,3.0,2.1,2.7,2.3,3.5,2.6,2.8,3.9,1.7,1.8,1.7
Business Owner/Entrepreneur,2.3,2.1,2.4,2.0,2.4,2.3,2.7,2.2,2.1,3.5,2.8,2.8,2.8
Retail Sales,0.8,0.9,0.6,1.0,0.8,0.7,0.8,0.8,0.6,0.6,2.4,2.4,2.4
Sales/Marketing,1.8,1.6,1.9,1.4,2.0,1.8,3.4,1.4,1.9,1.9,1.0,1.0,0.9
Human Resources,0.3,0.3,0.3,0.3,0.3,0.2,0.4,0.3,0.3,0.3,0.3,0.2,0.6
"Finance (e.g., Actuary, Banking, Loan Officer, Planner)",2.1,1.5,2.7,1.2,2.0,2.0,3.1,1.3,2.4,3.7,1.1,0.9,1.3
Management Consultant,0.4,0.3,0.4,0.3,0.3,0.3,0.5,0.2,0.4,0.6,0.4,0.3,0.5
Real Estate Agent/Realtor/Appraiser/Developer,0.2,0.2,0.2,0.2,0.2,0.3,0.2,0.2,0.2,0.3,0.4,0.5,0.2
Sports Management,1.2,1.2,1.2,0.7,1.8,2.1,1.4,1.8,1.2,1.4,1.9,1.9,1.8
Journalist,0.8,0.7,0.9,0.6,0.9,1.0,1.0,0.8,0.8,1.4,1.0,0.8,1.3
Public/Media Relations,1.2,1.3,1.1,1.3,1.3,1.2,1.7,1.3,1.0,1.7,2.1,2.3,1.7
Advertising,0.4,0.4,0.4,0.4,0.4,0.5,0.6,0.2,0.3,0.6,0.4,0.3,0.5
College Administrator/Staff,0.3,0.3,0.2,0.3,0.4,0.4,0.1,0.5,0.2,0.2,0.3,0.4,0.2
College Faculty,0.4,0.4,0.5,0.3,0.6,0.7,0.2,0.7,0.5,0.5,0.3,0.2,0.4
Early Childcare Provider,1.1,1.4,0.8,1.5,1.2,1.0,1.3,1.3,0.8,0.9,1.8,2.0,1.3
Elementary School Teacher,2.7,3.6,1.8,3.7,3.4,3.0,3.0,4.0,1.9,1.7,2.5,2.8,1.9
Secondary School Teacher,2.2,2.8,1.7,2.9,2.6,2.4,2.1,3.1,1.7,1.6,1.8,1.8,1.8
Librarian,0.7,0.5,1.0,0.5,0.5,0.6,0.7,0.4,0.9,1.3,0.2,0.2,0.3
Teacher’s Assistant/Paraprofessional,0.2,0.2,0.1,0.3,0.1,0.1,0.1,0.1,0.1,0.0,0.2,0.3,0.1
K-12 Administrator,0.2,0.3,0.2,0.3,0.2,0.1,0.3,0.3,0.2,0.2,0.3,0.3,0.4
Other K-12 Professional,0.6,0.7,0.4,0.7,0.8,0.8,0.6,0.8,0.4,0.5,0.5,0.5,0.5
Military,2.1,2.8,1.3,4.1,1.1,1.2,1.4,0.9,1.3,1.3,1.3,1.2,1.4
Federal/State/Local Government Official,1.9,2.1,1.6,2.0,2.3,2.5,1.6,2.4,1.6,1.7,2.8,3.1,2.3
"Protective Services (e.g., Homeland Security, (1)",,,,,,,,,,,,,
"Law Enforcement, Firefighter)",1.6,2.3,1.0,2.7,1.7,1.5,1.8,1.9,1.0,0.7,1.9,2.1,1.4
Postal Worker,0.2,0.2,0.1,0.2,0.2,0.2,0.1,0.2,0.1,0.2,0.2,0.4,0.0
Dietician/Nutritionist,0.6,0.6,0.6,0.7,0.6,0.6,0.6,0.6,0.6,0.4,0.4,0.4,0.3
Home Health Worker,0.9,1.3,0.5,1.4,1.1,0.7,0.9,1.7,0.5,0.4,1.1,1.2,0.9
"Medical/Dental Assistant (e.g., Hygienist, Lab Tech, (1)",,,,,,,,,,,,,
Nursing Asst.),0.8,0.9,0.7,0.9,0.8,0.7,1.1,0.8,0.7,0.7,1.1,1.2,0.9
Registered Nurse,2.7,3.7,1.6,4.2,3.1,1.9,5.7,3.1,1.6,1.6,3.5,4.8,1.1
"Therapist (e.g., Physical, Occupational, Speech)",3.8,4.8,2.7,5.0,4.5,4.1,4.3,5.0,2.8,2.6,3.6,4.3,2.4
Computer Programmer/Developer,2.6,2.1,3.0,2.6,1.5,1.6,1.6,1.4,3.2,2.2,1.4,1.4,1.3
Computer/Systems Analyst,0.6,0.7,0.5,1.0,0.5,0.4,0.4,0.5,0.5,0.4,0.9,0.9,0.8
Web Designer,0.4,0.4,0.4,0.5,0.2,0.2,0.2,0.2,0.4,0.2,0.4,0.4,0.5
Lawyer/Judge,2.7,2.3,3.1,1.8,3.0,3.4,2.9,2.6,2.9,4.1,4.2,3.3,5.9
Paralegal,0.4,0.3,0.5,0.3,0.2,0.2,0.2,0.3,0.6,0.3,0.4,0.2,0.8
Clinical Psychologist,1.9,2.0,1.9,2.1,1.9,2.0,1.9,1.8,1.9,1.7,2.3,1.9,3.1
Dentist/Orthodontist,1.3,1.2,1.4,1.4,1.0,0.9,1.2,1.0,1.5,1.3,1.6,1.6,1.7
Medical Doctor/Surgeon,9.0,5.9,12.2,5.0,7.1,6.8,9.5,6.3,12.2,12.1,9.1,6.1,14.4
Optometrist,0.6,0.6,0.6,0.8,0.3,0.4,0.4,0.3,0.7,0.4,1.0,1.2,0.7
Pharmacist,1.3,0.9,1.8,0.8,1.0,1.1,1.5,0.6,1.7,2.0,1.5,0.6,3.0
Your intended career occupation (continued),,,,,,,,,,,,,
Veterinarian,1.0,1.1,0.8,0.9,1.5,1.8,0.8,1.6,0.9,0.5,0.6,0.5,0.7
Engineer,7.3,4.6,10.1,5.7,3.1,3.3,4.1,2.5,10.9,7.3,3.3,3.5,2.9
"Research Scientist (e.g., Biologist, Chemist, Physicist)",3.3,2.7,3.9,2.4,3.1,3.6,1.9,3.2,4.1,3.1,1.4,1.5,1.3
Urban Planner/Architect,1.2,1.1,1.4,1.3,0.7,1.1,0.3,0.5,1.5,1.0,1.4,1.7,0.8
Custodian/Janitor/Housekeeper,0.2,0.2,0.2,0.3,0.2,0.3,0.1,0.2,0.2,0.2,0.4,0.4,0.3
"Food Service (e.g., Chef/Cook Server)",0.1,0.2,0.1,0.2,0.1,0.1,0.1,0.1,0.1,0.1,0.3,0.3,0.3
Hair Stylist/Aesthetician/Manicurist,0.2,0.2,0.2,0.2,0.2,0.1,0.2,0.2,0.2,0.2,0.4,0.4,0.4
Interior Designer,0.2,0.2,0.2,0.3,0.2,0.2,0.2,0.2,0.2,0.1,0.1,0.1,0.1
"Skilled Trades (e.g., Plumber, Electrician, Construction)",0.4,0.6,0.2,0.8,0.4,0.2,0.1,0.7,0.2,0.1,0.3,0.4,0.3
Social/Non-Profit Services,2.8,3.7,1.9,3.9,3.4,2.8,4.1,3.7,2.0,1.5,6.8,8.7,3.4
Clergy,0.7,0.5,0.8,0.4,0.8,0.7,0.9,0.8,0.7,1.0,1.9,1.2,3.3
Homemaker/Stay at Home Parent,1.4,1.8,0.9,1.7,1.9,1.8,1.4,2.4,1.0,0.8,2.6,3.4,1.1
Other,4.8,5.4,4.2,5.0,5.9,5.9,4.8,6.6,4.3,4.0,5.4,5.3,5.7
Undecided,9.4,8.6,10.2,7.9,9.4,10.7,8.4,8.5,10.3,9.8,3.9,3.8,3.9
Your father’s occupation,,,,,,,,,,,,,
Actor or Entertainer,0.3,0.3,0.2,0.3,0.3,0.4,0.2,0.3,0.2,0.3,0.4,0.4,0.3
Artist,0.4,0.5,0.3,0.5,0.4,0.5,0.2,0.5,0.3,0.3,0.5,0.6,0.4
Graphic Designer,0.3,0.3,0.3,0.3,0.3,0.4,0.4,0.3,0.3,0.3,0.1,0.1,0.2
Musician,0.4,0.4,0.3,0.3,0.4,0.4,0.3,0.4,0.3,0.5,0.3,0.4,0.3
Writer/Producer/Director,0.2,0.2,0.2,0.2,0.2,0.3,0.1,0.2,0.2,0.3,0.1,0.1,0.1
Farmer or Forester,0.7,0.7,0.7,0.7,0.8,0.5,0.6,1.2,0.7,0.5,0.1,0.1,0.1
Natural Resource Specialist/Environmentalist,0.3,0.3,0.3,0.3,0.3,0.5,0.1,0.3,0.3,0.2,0.5,0.4,0.7
Accountant,1.7,1.6,1.8,1.3,1.8,1.6,2.5,1.7,1.7,2.3,0.8,0.6,1.1
Administrative Assistant,0.4,0.4,0.3,0.4,0.4,0.4,0.5,0.3,0.3,0.3,0.5,0.4,0.7
Business Manager/Executive,5.9,4.9,6.8,4.1,5.9,6.0,6.7,5.4,6.4,8.4,2.1,2.0,2.3
Business Owner/Entrepreneur,5.5,4.8,6.2,4.3,5.4,5.8,6.0,4.8,5.6,8.1,2.9,2.5,3.4
Retail Sales,0.8,0.9,0.8,0.9,0.9,0.9,1.0,0.8,0.8,0.7,0.6,0.4,0.9
Sales/Marketing,3.9,3.6,4.1,3.5,3.9,3.4,4.6,3.9,4.1,4.0,1.7,1.1,2.5
Human Resources,0.4,0.4,0.4,0.3,0.4,0.3,0.6,0.5,0.4,0.5,0.6,0.5,0.7
"Finance (e.g., Actuary, Banking, Loan Officer, Planner)",2.2,1.8,2.6,1.2,2.4,2.4,3.0,2.1,2.3,3.9,0.8,0.9,0.6
Management Consultant,1.0,0.8,1.2,0.7,1.0,1.1,1.0,0.9,1.1,1.2,0.4,0.3,0.5
Real Estate Agent/Realtor/Appraiser/Developer,1.0,0.9,1.1,0.9,1.0,1.0,1.0,0.9,1.0,1.7,0.5,0.3,0.7
Sports Management,0.1,0.1,0.1,0.1,0.1,0.1,0.1,0.2,0.1,0.1,0.2,0.2,0.1
Journalist,0.2,0.2,0.2,0.1,0.3,0.4,0.2,0.3,0.2,0.2,0.2,0.2,0.1
Public/Media Relations,0.3,0.4,0.3,0.4,0.5,0.4,0.3,0.6,0.3,0.3,0.5,0.6,0.3
Advertising,0.2,0.2,0.2,0.2,0.2,0.2,0.2,0.2,0.2,0.2,0.2,0.2,0.2
College Administrator/Staff,0.4,0.4,0.4,0.3,0.5,0.6,0.3,0.5,0.4,0.5,0.4,0.5,0.3
College Faculty,0.8,0.7,0.9,0.3,1.1,1.3,0.5,1.2,0.8,1.0,0.6,0.2,1.3
Early Childcare Provider,0.9,0.9,0.9,0.8,1.0,0.9,0.9,1.0,0.9,0.9,1.0,1.2,0.8
Elementary School Teacher,1.7,1.7,1.6,1.5,2.0,2.0,1.4,2.3,1.6,1.6,1.8,1.8,1.7
Secondary School Teacher,1.9,1.9,1.8,1.7,2.2,2.2,1.6,2.3,1.8,2.0,2.0,2.1,1.9
Librarian,0.9,0.7,1.1,0.5,0.8,1.0,0.8,0.7,1.1,1.3,0.2,0.3,0.1
Teacher’s Assistant/Paraprofessional,0.2,0.2,0.1,0.2,0.2,0.1,0.2,0.2,0.1,0.1,0.1,0.1,0.1
K-12 Administrator,0.5,0.6,0.5,0.5,0.6,0.6,0.5,0.8,0.5,0.4,0.7,0.8,0.6
Other K-12 Professional,0.4,0.5,0.4,0.4,0.5,0.6,0.4,0.4,0.4,0.4,0.5,0.6,0.3
Military,2.3,2.6,1.9,3.1,2.1,1.9,1.4,2.6,2.1,1.5,4.2,3.9,4.6
Federal/State/Local Government Official,2.5,2.8,2.3,2.7,2.9,2.9,2.5,3.0,2.3,2.2,2.9,3.2,2.5
"Protective Services (e.g., Homeland Security, (2)",,,,,,,,,,,,,
"Law Enforcement, Firefighter)",2.7,3.3,2.1,3.6,3.0,3.0,3.7,2.6,2.1,2.1,3.4,3.2,3.9
Postal Worker,0.9,0.9,0.8,1.0,0.8,1.0,0.7,0.8,0.8,0.9,1.2,1.2,1.2
Dietician/Nutritionist,1.6,1.8,1.4,1.7,1.8,1.8,1.5,1.9,1.5,1.4,2.4,2.5,2.3
Your father’s occupation (continued),,,,,,,,,,,,,
Home Health Worker,0.2,0.3,0.2,0.3,0.2,0.2,0.2,0.2,0.3,0.2,0.5,0.6,0.3
"Medical/Dental Assistant (e.g., Hygienist, Lab Tech, (2)",,,,,,,,,,,,,
Nursing Asst.),0.4,0.4,0.4,0.5,0.3,0.3,0.4,0.4,0.4,0.3,0.4,0.3,0.6
Registered Nurse,0.5,0.5,0.5,0.6,0.4,0.5,0.5,0.3,0.5,0.3,0.7,0.8,0.6
"Therapist (e.g., Physical, Occupational, Speech)",0.7,0.7,0.6,0.6,0.8,0.8,0.7,0.9,0.6,0.5,0.7,0.6,1.0
Computer Programmer/Developer,2.0,1.7,2.3,1.6,1.7,1.8,1.4,1.7,2.3,2.2,1.1,1.0,1.2
Computer/Systems Analyst,2.1,2.0,2.2,2.1,1.9,1.9,2.3,1.8,2.2,2.0,2.0,2.1,1.8
Web Designer,0.3,0.4,0.3,0.5,0.3,0.3,0.3,0.3,0.3,0.3,0.3,0.3,0.3
Lawyer/Judge,2.5,1.6,3.3,1.0,2.4,2.7,2.5,2.0,3.0,4.6,0.8,0.5,1.2
Paralegal,0.2,0.2,0.2,0.2,0.2,0.2,0.3,0.2,0.2,0.2,0.3,0.5,0.0
Clinical Psychologist,0.4,0.3,0.4,0.2,0.3,0.4,0.2,0.4,0.4,0.4,0.4,0.4,0.4
Dentist/Orthodontist,0.9,0.8,1.0,0.8,0.8,0.9,0.8,0.7,0.9,1.0,0.6,0.6,0.6
Medical Doctor/Surgeon,3.0,1.9,4.1,1.5,2.6,2.6,2.7,2.4,3.8,5.1,1.1,0.6,1.9
Optometrist,0.9,0.8,0.9,0.9,0.7,0.7,0.7,0.7,1.0,0.7,1.1,0.9,1.4
Pharmacist,0.4,0.3,0.5,0.3,0.4,0.4,0.4,0.3,0.5,0.5,0.5,0.4,0.6
Veterinarian,0.2,0.2,0.2,0.2,0.2,0.2,0.1,0.2,0.2,0.2,0.2,0.2,0.3
Engineer,6.8,5.3,8.1,5.5,5.1,4.9,5.8,5.0,8.6,6.5,4.1,4.5,3.6
"Research Scientist (e.g., Biologist, Chemist, Physicist)",1.0,0.8,1.2,0.7,0.9,1.1,0.5,0.9,1.2,1.2,0.6,0.8,0.4
Urban Planner/Architect,1.5,1.5,1.6,1.6,1.4,1.3,1.0,1.7,1.6,1.2,1.9,1.7,2.2
Custodian/Janitor/Housekeeper,1.2,1.5,1.0,1.6,1.3,1.2,1.3,1.4,1.1,0.7,2.0,1.7,2.3
"Food Service (e.g., Chef/Cook Server)",1.2,1.3,1.1,1.5,1.0,1.1,1.3,0.8,1.1,0.9,1.1,1.2,1.1
Hair Stylist/Aesthetician/Manicurist,0.3,0.4,0.3,0.4,0.3,0.4,0.2,0.3,0.3,0.2,0.9,0.9,1.0
Interior Designer,0.1,0.1,0.1,0.1,0.2,0.1,0.1,0.2,0.1,0.1,0.2,0.2,0.2
"Skilled Trades (e.g., Plumber, Electrician, Construction)",7.7,8.7,6.6,9.7,7.6,7.5,8.1,7.4,7.1,4.7,6.5,6.3,6.9
Social/Non-Profit Services,0.5,0.6,0.4,0.6,0.5,0.5,0.3,0.6,0.4,0.4,0.9,1.0,0.7
Clergy,0.7,0.8,0.6,0.6,1.0,0.5,0.3,1.8,0.6,0.8,1.3,1.3,1.3
Homemaker/Stay at Home Parent,1.5,1.6,1.4,1.8,1.3,1.4,1.1,1.2,1.4,1.2,2.0,2.2,1.7
Other,17.4,20.6,14.3,22.7,18.0,17.3,18.4,18.6,15.0,11.5,27.1,29.0,24.3
Undecided,1.9,2.1,1.6,2.5,1.6,1.6,1.9,1.5,1.7,1.1,5.1,5.9,4.0
Your mother’s occupation,,,,,,,,,,,,,
Actor or Entertainer,0.5,0.5,0.4,0.5,0.5,0.6,0.3,0.5,0.4,0.5,0.3,0.2,0.5
Artist,0.7,0.6,0.7,0.5,0.7,0.8,0.6,0.7,0.7,0.7,0.3,0.3,0.5
Graphic Designer,0.4,0.3,0.4,0.3,0.4,0.5,0.4,0.3,0.4,0.5,0.0,0.0,0.1
Musician,0.5,0.4,0.5,0.4,0.4,0.4,0.4,0.5,0.5,0.6,0.3,0.4,0.2
Writer/Producer/Director,0.2,0.2,0.2,0.1,0.2,0.3,0.1,0.2,0.2,0.3,0.1,0.0,0.1
Farmer or Forester,0.2,0.2,0.2,0.2,0.2,0.2,0.1,0.2,0.2,0.1,0.1,0.1,0.1
Natural Resource Specialist/Environmentalist,0.2,0.2,0.2,0.1,0.2,0.3,0.1,0.2,0.2,0.2,0.1,0.1,0.1
Accountant,3.4,3.2,3.5,3.2,3.2,3.1,3.8,3.1,3.5,3.8,2.3,2.3,2.4
Administrative Assistant,2.2,2.3,2.1,2.2,2.4,2.2,2.9,2.2,2.1,1.9,1.8,1.8,1.9
Business Manager/Executive,2.4,2.1,2.7,1.9,2.4,2.7,2.6,2.1,2.6,3.1,1.3,0.8,2.1
Business Owner/Entrepreneur,1.9,1.8,2.1,1.5,2.0,2.2,2.1,1.8,2.0,2.8,1.5,1.2,1.8
Retail Sales,1.2,1.1,1.2,1.1,1.1,1.2,1.3,1.0,1.3,0.9,1.0,1.1,1.0
Sales/Marketing,2.2,2.0,2.4,1.8,2.2,2.3,2.4,1.9,2.4,2.6,1.2,1.1,1.5
Human Resources,1.3,1.4,1.1,1.5,1.4,1.2,1.6,1.4,1.1,1.3,1.8,1.6,2.2
"Finance (e.g., Actuary, Banking, Loan Officer, Planner)",2.0,2.0,2.1,1.9,2.1,2.1,2.3,1.8,2.0,2.3,1.3,1.2,1.4
Management Consultant,0.6,0.5,0.7,0.5,0.6,0.5,0.7,0.5,0.6,0.7,0.5,0.6,0.3
Real Estate Agent/Realtor/Appraiser/Developer,1.0,0.9,1.0,0.9,1.0,1.1,1.0,0.9,1.0,1.2,0.8,0.6,1.0
Sports Management,0.1,0.1,0.1,0.0,0.1,0.1,0.1,0.1,0.1,0.1,0.1,0.1,0.1
Journalist,0.2,0.2,0.3,0.1,0.3,0.3,0.2,0.3,0.2,0.3,0.1,0.1,0.2
Public/Media Relations,0.5,0.4,0.6,0.4,0.5,0.5,0.4,0.5,0.6,0.5,0.5,0.6,0.4
Advertising,0.2,0.2,0.3,0.2,0.2,0.2,0.2,0.2,0.3,0.3,0.2,0.2,0.2
Your mother’s occupation (continued),,,,,,,,,,,,,
College Administrator/Staff,0.5,0.5,0.6,0.4,0.7,0.8,0.6,0.7,0.5,0.7,0.5,0.5,0.4
College Faculty,0.8,0.8,0.9,0.5,1.1,1.3,0.7,1.0,0.9,1.1,0.6,0.5,0.9
Early Childcare Provider,2.9,3.1,2.6,3.2,3.0,2.8,3.0,3.3,2.7,2.4,4.3,4.7,3.5
Elementary School Teacher,4.6,4.8,4.3,4.6,5.1,4.4,5.3,5.8,4.3,4.1,4.1,4.1,4.0
Secondary School Teacher,2.2,2.1,2.3,1.7,2.5,2.4,2.2,2.7,2.2,2.5,1.8,1.6,2.3
Librarian,0.8,0.9,0.8,0.9,1.0,1.0,0.8,0.9,0.8,0.8,0.9,0.9,0.8
Teacher’s Assistant/Paraprofessional,1.6,1.8,1.3,1.7,1.8,1.9,2.2,1.6,1.4,1.2,1.2,1.3,1.2
K-12 Administrator,1.1,1.2,1.0,1.2,1.3,1.4,1.2,1.2,1.0,1.1,1.8,1.7,1.9
Other K-12 Professional,1.2,1.4,1.0,1.3,1.6,1.6,1.4,1.6,1.0,1.1,1.2,1.2,1.1
Military,0.8,0.8,0.8,0.8,0.8,0.9,0.6,0.8,0.8,0.8,1.3,1.1,1.7
Federal/State/Local Government Official,1.6,1.8,1.4,1.9,1.6,1.8,1.4,1.6,1.4,1.4,3.3,2.8,4.1
"Protective Services (e.g., Homeland Security, (3)",,,,,,,,,,,,,
"Law Enforcement, Firefighter)",0.6,0.7,0.5,0.8,0.7,0.6,0.8,0.7,0.5,0.4,1.7,1.6,1.8
Postal Worker,0.6,0.6,0.6,0.6,0.6,0.7,0.6,0.6,0.6,0.5,1.2,1.1,1.5
Dietician/Nutritionist,1.2,1.3,1.2,1.3,1.3,1.3,1.1,1.5,1.2,1.2,2.0,2.4,1.5
Home Health Worker,2.5,2.9,2.1,3.0,2.9,2.7,2.4,3.3,2.2,1.8,4.8,5.4,3.8
"Medical/Dental Assistant (e.g., Hygienist, Lab Tech, (3)",,,,,,,,,,,,,
Nursing Asst.),2.1,2.5,1.7,2.7,2.2,2.1,2.5,2.2,1.9,1.3,3.8,4.2,3.1
Registered Nurse,4.5,4.5,4.4,4.4,4.7,4.0,5.9,4.7,4.5,4.0,3.9,3.7,4.2
"Therapist (e.g., Physical, Occupational, Speech)",1.8,1.7,1.9,1.5,2.0,1.8,1.9,2.2,1.9,1.9,1.2,1.1,1.5
Computer Programmer/Developer,1.2,1.2,1.3,1.2,1.1,1.1,0.9,1.2,1.3,1.2,1.4,1.4,1.3
Computer/Systems Analyst,1.6,1.6,1.6,1.6,1.5,1.6,1.1,1.7,1.6,1.4,2.0,2.0,2.1
Web Designer,0.1,0.1,0.1,0.1,0.1,0.1,0.1,0.1,0.1,0.1,0.1,0.1,0.2
Lawyer/Judge,1.4,0.8,1.9,0.5,1.3,1.6,1.0,1.0,1.7,2.9,0.8,0.4,1.5
Paralegal,0.6,0.7,0.6,0.7,0.6,0.8,0.6,0.5,0.6,0.6,0.5,0.4,0.7
Clinical Psychologist,0.4,0.3,0.4,0.2,0.4,0.5,0.3,0.4,0.4,0.6,0.2,0.1,0.3
Dentist/Orthodontist,0.4,0.4,0.5,0.5,0.3,0.3,0.4,0.3,0.5,0.5,0.4,0.4,0.4
Medical Doctor/Surgeon,1.5,0.9,2.0,0.7,1.2,1.3,1.0,1.2,1.9,2.5,0.7,0.5,1.1
Optometrist,0.2,0.2,0.2,0.2,0.2,0.2,0.2,0.1,0.3,0.2,0.2,0.2,0.2
Pharmacist,0.6,0.4,0.8,0.4,0.5,0.4,0.6,0.5,0.8,0.7,0.5,0.3,0.8
Veterinarian,0.2,0.2,0.2,0.1,0.2,0.3,0.1,0.2,0.2,0.2,0.3,0.3,0.2
Engineer,1.1,0.7,1.5,0.7,0.7,0.7,0.7,0.6,1.5,1.5,0.8,0.7,0.8
"Research Scientist (e.g., Biologist, Chemist, Physicist)",0.7,0.5,0.9,0.4,0.5,0.6,0.3,0.5,0.9,0.9,0.2,0.2,0.3
Urban Planner/Architect,0.2,0.2,0.3,0.1,0.2,0.3,0.1,0.1,0.4,0.3,0.2,0.2,0.1
Custodian/Janitor/Housekeeper,0.8,0.9,0.7,1.1,0.7,0.8,0.7,0.7,0.8,0.5,1.1,1.3,0.8
"Food Service (e.g., Chef/Cook Server)",1.5,1.6,1.5,1.8,1.4,1.4,1.6,1.3,1.6,1.0,1.0,0.8,1.2
Hair Stylist/Aesthetician/Manicurist,1.4,1.5,1.3,1.8,1.2,1.1,1.2,1.3,1.4,0.9,2.8,2.9,2.6
Interior Designer,0.3,0.3,0.4,0.3,0.3,0.3,0.2,0.4,0.4,0.4,0.2,0.1,0.4
"Skilled Trades (e.g., Plumber, Electrician, Construction)",0.4,0.4,0.4,0.5,0.4,0.4,0.4,0.4,0.4,0.2,0.3,0.3,0.5
Social/Non-Profit Services,3.1,3.7,2.6,3.8,3.5,3.1,3.1,4.1,2.7,2.4,7.1,8.3,5.0
Clergy,0.5,0.6,0.5,0.5,0.6,0.6,0.4,0.8,0.5,0.5,0.7,0.8,0.6
Homemaker/Stay at Home Parent,14.3,13.2,15.5,14.0,12.2,12.4,12.5,11.7,15.1,16.9,4.9,4.6,5.4
Other,13.2,14.6,11.7,15.8,13.2,13.0,13.4,13.2,12.2,9.9,16.1,17.0,14.7
Undecided,1.1,1.2,0.9,1.4,0.9,0.9,0.8,0.9,1.0,0.7,2.1,2.5,1.5
Current employment status:,,,,,,,,,,,,,
Your mother,,,,,,,,,,,,,
Employed,75.3,76.5,74.1,75.4,78.0,77.3,77.7,79.0,74.7,71.5,80.3,80.5,79.9
Unemployed,21.2,20.9,21.6,22.5,18.7,18.9,19.2,18.3,21.3,22.5,17.8,18.2,17.0
Retired,3.4,2.6,4.4,2.1,3.2,3.9,3.0,2.7,4.0,6.0,2.0,1.4,3.1
Your father,,,,,,,,,,,,,
Employed,87.8,86.2,89.4,85.3,87.5,86.6,87.9,88.1,89.3,89.7,73.7,72.9,75.2
Unemployed,8.2,9.5,6.9,10.5,8.1,8.6,7.7,7.8,7.1,6.2,20.4,21.3,18.7
Retired,4.0,4.3,3.7,4.2,4.4,4.8,4.3,4.0,3.6,4.1,5.9,5.8,6.1
Race/Ethnicity—mark all that apply,,,,,,,,,,,,,
(total may add to more than 100%),,,,,,,,,,,,,
American Indian/Alaska Native,2.4,3.2,1.5,3.9,2.4,2.2,1.8,2.9,1.6,1.3,3.6,3.5,3.7
Asian American/Asian,12.8,9.4,16.7,11.5,6.5,8.3,6.5,4.8,16.3,18.2,1.3,0.5,2.7
Native Hawaiian/Pacific Islander,1.4,1.6,1.2,2.2,0.9,0.9,1.1,0.9,1.2,1.0,0.7,0.7,0.6
African American/Black,11.1,14.8,6.9,14.3,15.5,14.5,13.6,17.5,6.5,8.5,94.2,94.1,94.5
Mexican American/Chicano,9.8,12.3,6.9,18.3,4.2,3.9,6.0,3.6,7.6,4.3,1.1,1.3,0.8
Puerto Rican,1.5,2.0,1.0,1.6,2.6,3.4,2.9,1.6,0.8,1.7,1.5,1.7,1.2
Other Latino,5.3,6.5,3.9,7.6,4.9,6.2,6.4,2.9,3.5,5.5,1.6,1.6,1.6
White/Caucasian,66.7,62.8,70.9,55.5,72.8,70.9,71.1,75.6,71.5,68.9,5.0,5.4,4.2
Other,3.8,4.0,3.5,4.6,3.2,3.8,3.0,2.6,3.5,3.8,3.6,3.3,4.2
Students “Agree Strongly” or “Agree Somewhat”:,,,,,,,,,,,,,
Racial discrimination is no longer a major problem,,,,,,,,,,,,,
in America,24.7,24.9,24.4,25.6,24.0,22.3,25.3,25.0,25.1,21.8,15.2,16.8,12.3
Same-sex couples should have the right to legal,,,,,,,,,,,,,
marital status,81.5,78.6,84.8,81.1,75.1,82.5,80.9,64.9,85.0,84.1,67.2,65.7,69.9
Federal military spending should be increased,37.3,41.8,32.3,42.0,41.5,36.9,43.9,44.8,32.3,32.1,49.2,52.2,43.8
Students from disadvantaged social backgrounds,,,,,,,,,,,,,
should be given preferential treatment in college,,,,,,,,,,,,,
admissions,48.9,52.8,44.5,54.1,51.0,52.9,48.6,50.2,44.4,44.8,66.8,66.4,67.5
Addressing global climate change should be a,,,,,,,,,,,,,
federal priority,67.1,64.9,69.5,65.9,63.6,69.3,65.8,56.7,68.8,72.1,63.1,60.7,67.6
The chief benefit of a college education is that it,,,,,,,,,,,,,
increases one’s earning power,67.4,69.1,65.6,72.4,64.7,63.8,70.3,62.8,66.3,62.8,75.1,75.8,73.7
Undocumented immigrants should be denied access,,,,,,,,,,,,,
to public education,35.5,35.9,35.2,34.1,38.4,35.2,40.4,40.7,35.5,33.8,31.7,33.4,28.5
The death penalty should be abolished,41.1,39.3,43.2,37.1,42.4,44.1,45.8,39.1,42.1,47.2,45.5,43.8,48.6
"Through hard work, everybody can succeed in",,,,,,,,,,,,,
American society,76.4,79.2,73.2,81.6,75.9,71.9,79.8,77.9,74.2,69.4,82.2,84.2,78.6
How would you characterize your political views?,,,,,,,,,,,,,
Far left,2.9,3.1,2.8,2.8,3.4,4.2,2.5,2.9,2.8,2.9,5.7,6.3,4.5
Liberal,28.8,25.9,31.9,26.2,25.6,31.3,22.2,21.5,31.8,32.6,26.2,23.1,31.8
Middle-of-the-road,47.2,49.7,44.6,51.9,46.7,46.1,50.5,45.4,45.1,42.4,50.9,52.3,48.5
Conservative,19.4,19.4,19.3,17.4,22.1,16.5,22.9,27.4,18.9,20.6,14.7,15.8,12.7
Far right,1.6,1.9,1.4,1.6,2.2,1.8,2.0,2.7,1.4,1.4,2.5,2.6,2.5
The following reasons were “Very Important” in (1),,,,,,,,,,,,,
deciding to go to college:,,,,,,,,,,,,,
To be able to get a better job,86.1,86.0,86.2,87.2,84.4,83.7,90.1,82.4,86.1,86.7,90.7,91.2,89.9
To gain a general education and appreciation of ideas,70.6,70.8,70.5,69.2,73.0,74.7,75.2,70.1,69.4,74.7,81.9,82.3,81.3
To make me a more cultured person,46.6,45.6,47.7,42.4,49.9,51.3,50.3,48.3,45.6,55.8,59.3,56.6,64.1
To be able to make more money,72.8,74.0,71.4,77.0,69.9,69.4,76.4,67.3,71.9,69.4,87.4,88.5,85.3
To learn more about things that interest me,82.2,81.6,82.9,80.8,82.7,84.2,82.7,81.3,82.5,84.5,84.2,83.2,86.0
To get training for a specific career,77.1,79.5,74.5,81.6,76.5,73.1,81.9,77.4,75.1,72.4,87.3,87.7,86.5
To prepare myself for graduate or professional school,59.7,59.5,60.0,59.8,59.2,59.1,65.6,56.1,60.1,59.3,80.5,79.0,83.2
"During your last year in high school, how much (1)",,,,,,,,,,,,,
time did you spend during a typical week doing (1),,,,,,,,,,,,,
the following activities? (1),,,,,,,,,,,,,
Studying/homework,,,,,,,,,,,,,
None,1.7,1.9,1.5,2.0,1.8,1.4,1.4,2.2,1.6,1.1,2.7,2.8,2.6
Less than one hour,8.5,9.7,7.0,10.4,8.9,8.6,7.0,10.1,7.6,4.9,12.1,13.3,10.0
1 to 2 hours,19.2,22.4,15.6,23.9,20.4,19.6,18.3,22.3,16.3,12.9,31.2,34.1,26.1
3 to 5 hours,27.7,29.0,26.1,30.3,27.2,26.9,28.2,27.0,26.9,23.1,28.8,28.8,28.8
6 to 10 hours,21.2,19.4,23.1,18.7,20.5,20.4,21.6,20.0,22.8,24.5,14.3,13.0,16.8
11 to 15 hours,11.0,9.3,13.0,8.0,11.0,11.6,12.3,9.7,12.2,15.8,5.3,4.0,7.5
16 to 20 hours,6.1,4.7,7.8,3.9,5.9,6.3,6.5,5.1,7.2,9.8,2.6,1.9,3.8
Over 20 hours,4.6,3.5,5.9,2.8,4.5,5.2,4.7,3.6,5.4,7.8,2.9,2.1,4.4
Socializing with friends,,,,,,,,,,,,,
None,0.6,0.7,0.5,0.7,0.6,0.5,0.7,0.7,0.5,0.4,1.2,1.3,1.1
Less than one hour,2.3,2.6,2.0,2.7,2.5,2.3,2.1,2.8,2.1,1.5,4.1,4.2,3.9
1 to 2 hours,10.5,11.4,9.4,12.1,10.4,10.6,9.8,10.4,9.9,7.7,13.9,13.1,15.3
3 to 5 hours,25.4,25.9,24.8,26.6,25.0,24.9,24.8,25.3,25.3,23.1,26.5,26.4,26.8
6 to 10 hours,27.5,26.1,29.1,25.6,26.7,26.9,27.6,25.9,28.9,29.9,22.1,22.2,21.8
11 to 15 hours,15.8,14.8,16.8,14.0,16.0,15.7,16.3,16.1,16.5,18.2,11.1,11.0,11.2
16 to 20 hours,8.0,7.8,8.2,7.5,8.2,8.2,8.3,8.1,8.0,9.2,6.8,7.1,6.1
Over 20 hours,10.0,10.8,9.2,10.8,10.7,10.9,10.3,10.8,9.0,9.9,14.3,14.7,13.8
Talking with teachers outside of class,,,,,,,,,,,,,
None,10.7,11.4,10.0,12.7,9.6,9.3,8.3,10.6,10.6,7.5,13.5,14.8,11.1
Less than one hour,38.6,38.2,38.9,40.1,35.7,34.8,35.2,36.9,39.8,35.6,32.1,33.2,30.1
1 to 2 hours,32.6,31.6,33.6,30.1,33.7,34.6,34.8,32.3,33.0,35.9,29.4,28.8,30.3
3 to 5 hours,12.6,12.7,12.6,11.6,14.1,14.5,14.7,13.4,12.0,14.7,14.7,13.8,16.4
6 to 10 hours,3.5,3.7,3.2,3.3,4.2,4.1,4.2,4.2,3.0,4.2,5.6,5.0,6.6
11 to 15 hours,1.1,1.2,1.0,1.1,1.5,1.4,1.5,1.5,0.9,1.1,2.3,1.9,3.0
16 to 20 hours,0.4,0.5,0.4,0.5,0.6,0.7,0.6,0.5,0.3,0.4,1.1,1.2,1.0
Over 20 hours,0.5,0.6,0.4,0.6,0.6,0.6,0.7,0.6,0.3,0.5,1.3,1.3,1.4
Exercise or sports,,,,,,,,,,,,,
None,5.9,6.6,5.1,7.1,5.9,5.9,5.6,6.1,5.4,4.1,9.9,9.5,10.5
Less than one hour,8.8,9.5,8.0,10.3,8.4,9.0,7.7,8.1,8.1,7.4,11.0,10.4,12.1
1 to 2 hours,15.4,16.1,14.5,17.5,14.3,15.0,14.0,13.7,14.7,14.1,20.9,21.0,20.7
3 to 5 hours,18.7,18.0,19.6,18.5,17.3,17.5,18.9,16.3,19.2,20.8,19.4,19.2,19.8
6 to 10 hours,19.2,17.5,21.2,17.5,17.5,18.0,17.7,17.0,21.0,21.6,14.1,14.3,13.7
11 to 15 hours,13.9,13.1,14.8,12.1,14.4,13.8,15.4,14.5,14.8,14.6,9.0,9.2,8.7
16 to 20 hours,8.1,8.1,8.2,7.3,9.3,9.0,9.5,9.4,8.1,8.4,5.4,5.7,4.9
Over 20 hours,10.0,11.0,8.8,9.6,12.9,11.8,11.2,14.8,8.7,9.1,10.3,10.6,9.6
"During your last year in high school, how much (2)",,,,,,,,,,,,,
time did you spend during a typical week doing (2),,,,,,,,,,,,,
the following activities? (2),,,,,,,,,,,,,
Partying,,,,,,,,,,,,,
None,41.3,42.8,39.5,43.1,42.4,39.2,38.9,47.2,41.1,33.7,27.4,26.0,29.9
Less than one hour,16.1,15.4,17.0,15.5,15.3,16.0,14.1,15.1,17.2,16.2,14.8,14.6,15.1
1 to 2 hours,16.9,16.8,17.0,17.4,15.9,16.6,17.0,14.5,16.8,18.2,22.5,22.5,22.5
3 to 5 hours,15.0,14.7,15.4,14.6,14.9,16.0,16.9,12.8,14.6,18.2,21.6,22.6,19.8
6 to 10 hours,6.7,6.3,7.1,5.8,7.0,7.6,8.0,5.8,6.6,9.0,7.2,7.5,6.6
11 to 15 hours,2.2,2.2,2.3,1.9,2.5,2.5,2.8,2.3,2.1,2.9,3.0,3.1,2.8
16 to 20 hours,0.9,0.9,0.9,0.8,1.1,1.2,0.9,1.0,0.8,1.0,1.2,1.1,1.3
Over 20 hours,0.9,1.0,0.8,0.9,1.1,0.9,1.3,1.3,0.8,0.9,2.4,2.6,1.9
Working (for pay),,,,,,,,,,,,,
None,44.7,44.0,45.5,46.6,40.3,42.4,37.4,39.6,44.5,49.2,42.0,39.3,46.8
Less than one hour,3.3,3.2,3.5,2.8,3.7,3.8,3.3,3.7,3.4,3.8,3.7,4.0,3.1
1 to 2 hours,5.3,4.9,5.7,4.5,5.5,5.8,4.7,5.6,5.5,6.2,5.8,6.0,5.3
3 to 5 hours,8.4,8.1,8.7,7.1,9.4,9.1,9.9,9.6,8.5,9.6,8.2,8.0,8.6
6 to 10 hours,11.3,11.1,11.5,10.2,12.2,11.6,13.9,12.1,11.7,10.9,10.9,10.8,11.0
11 to 15 hours,9.2,9.0,9.5,8.4,9.7,9.3,11.0,9.6,9.9,8.1,6.6,6.9,6.0
16 to 20 hours,8.4,8.8,7.9,8.9,8.6,8.3,9.3,8.4,8.4,5.9,8.1,8.9,6.6
Over 20 hours,9.4,11.0,7.7,11.3,10.5,9.7,10.4,11.4,8.1,6.2,14.9,16.2,12.6
Volunteer work,,,,,,,,,,,,,
None,26.2,29.1,22.8,31.6,25.6,26.4,22.0,26.6,23.7,19.5,27.8,30.3,23.1
Less than one hour,19.0,18.0,20.1,17.4,18.9,18.7,18.2,19.4,20.6,18.4,14.3,14.5,14.0
1 to 2 hours,25.7,23.9,27.9,22.6,25.5,25.3,27.3,25.0,27.6,29.0,22.3,22.3,22.3
3 to 5 hours,16.3,15.6,17.1,15.1,16.2,16.0,17.9,15.6,16.6,19.1,16.5,15.4,18.5
6 to 10 hours,6.9,6.8,6.9,6.7,7.0,6.7,7.8,7.0,6.6,7.8,9.3,8.6,10.4
11 to 15 hours,2.5,2.7,2.3,2.6,2.8,2.8,2.7,2.8,2.2,2.8,3.9,3.6,4.3
16 to 20 hours,1.3,1.3,1.2,1.2,1.5,1.6,1.5,1.3,1.1,1.3,1.8,1.7,2.0
Over 20 hours,2.2,2.6,1.7,2.6,2.5,2.6,2.7,2.3,1.6,2.1,4.1,3.5,5.4
Student clubs/groups,,,,,,,,,,,,,
None,26.6,31.2,21.4,34.3,26.9,25.9,23.4,29.6,22.8,16.3,28.4,31.4,22.9
Less than one hour,13.6,13.4,13.7,13.7,13.1,12.9,13.0,13.2,14.2,11.8,11.9,12.6,10.5
1 to 2 hours,25.0,23.7,26.5,22.8,25.0,25.7,26.2,23.7,26.2,27.6,22.6,22.7,22.5
3 to 5 hours,18.3,16.4,20.4,15.0,18.3,18.7,19.9,17.2,19.7,23.1,18.0,16.5,20.6
6 to 10 hours,8.6,7.7,9.6,7.1,8.5,8.6,9.2,8.1,9.1,11.5,9.4,8.4,11.3
11 to 15 hours,3.7,3.4,4.1,3.1,3.8,3.8,3.9,3.8,3.9,4.7,4.0,3.4,5.1
16 to 20 hours,1.7,1.6,1.9,1.5,1.9,1.8,1.8,1.9,1.8,2.2,2.1,2.0,2.4
Over 20 hours,2.5,2.5,2.4,2.5,2.5,2.4,2.7,2.5,2.3,2.8,3.6,3.0,4.7
Watching TV,,,,,,,,,,,,,
None,11.1,10.4,11.9,10.5,10.2,11.2,8.8,10.0,12.0,11.6,9.8,8.5,12.3
Less than one hour,17.4,17.5,17.3,18.0,16.9,16.8,17.3,16.9,17.6,16.3,18.7,18.9,18.3
1 to 2 hours,25.1,25.3,24.9,25.6,24.9,25.2,25.7,24.3,25.1,24.1,23.2,22.8,23.9
3 to 5 hours,25.0,24.8,25.3,24.6,25.0,24.8,26.2,24.7,25.1,25.9,22.4,23.1,21.2
6 to 10 hours,12.9,12.9,12.9,12.5,13.5,13.4,13.6,13.6,12.7,13.7,13.1,13.6,12.1
11 to 15 hours,4.5,4.6,4.4,4.5,4.9,4.6,4.5,5.3,4.3,4.7,5.4,5.6,5.2
16 to 20 hours,1.7,1.9,1.6,1.8,1.9,1.8,1.5,2.2,1.5,1.7,2.7,2.8,2.6
Over 20 hours,2.2,2.6,1.7,2.6,2.6,2.2,2.4,3.0,1.7,2.0,4.6,4.7,4.5
"During your last year in high school, how much (3)",,,,,,,,,,,,,
time did you spend during a typical week doing (3),,,,,,,,,,,,,
the following activities? (3),,,,,,,,,,,,,
Household/childcare duties,,,,,,,,,,,,,
None,21.4,20.7,22.3,19.6,22.1,24.1,17.8,22.2,21.7,24.5,20.0,18.9,21.9
Less than one hour,20.3,18.9,21.9,18.7,19.3,19.8,18.4,19.3,21.8,22.5,16.2,16.0,16.5
1 to 2 hours,29.8,29.4,30.3,29.2,29.7,29.5,31.1,29.2,30.4,29.6,26.9,27.4,25.8
3 to 5 hours,17.8,18.7,16.6,19.6,17.6,16.4,20.0,17.7,17.0,15.1,18.3,18.7,17.4
6 to 10 hours,6.3,7.0,5.5,7.4,6.5,5.7,7.1,7.0,5.5,5.2,8.7,8.5,9.1
11 to 15 hours,2.2,2.5,1.8,2.6,2.3,2.3,2.7,2.2,1.9,1.5,3.9,4.1,3.6
16 to 20 hours,0.8,1.0,0.7,1.0,0.9,0.9,1.1,0.8,0.7,0.7,1.9,1.9,1.8
Over 20 hours,1.4,1.8,0.9,1.9,1.5,1.3,1.8,1.6,0.9,0.9,4.2,4.4,3.9
Reading for pleasure,,,,,,,,,,,,,
None,31.4,33.5,28.9,34.7,31.9,30.6,31.1,33.6,29.5,26.5,33.7,36.0,29.7
Less than one hour,24.3,23.2,25.5,23.1,23.3,23.9,24.1,22.5,25.5,25.7,23.7,23.3,24.3
1 to 2 hours,21.8,20.7,23.0,20.7,20.7,21.2,22.1,19.7,22.7,24.3,21.0,20.5,22.0
3 to 5 hours,13.0,12.6,13.5,12.2,13.2,13.6,12.6,13.1,13.3,13.9,10.9,10.6,11.5
6 to 10 hours,5.5,5.5,5.5,5.1,6.0,6.2,5.6,6.1,5.4,5.9,5.7,5.3,6.3
11 to 15 hours,2.1,2.3,1.9,2.2,2.4,2.4,2.3,2.6,1.8,2.0,2.4,2.2,2.7
16 to 20 hours,0.9,0.9,0.9,0.8,1.0,1.0,0.8,1.2,0.9,0.8,1.0,0.9,1.3
Over 20 hours,1.0,1.2,0.9,1.1,1.3,1.2,1.4,1.4,0.9,0.9,1.6,1.2,2.3
Playing video/computer games,,,,,,,,,,,,,
None,44.4,44.0,44.9,43.8,44.3,44.1,47.6,43.0,44.2,47.4,43.2,40.5,48.2
Less than one hour,15.9,16.0,15.8,15.8,16.4,16.3,16.8,16.2,15.9,15.5,16.5,16.9,15.9
1 to 2 hours,14.3,14.6,14.0,14.6,14.6,14.7,13.9,15.0,14.0,14.0,15.8,17.2,13.3
3 to 5 hours,11.9,11.8,11.9,11.9,11.8,11.9,10.9,12.0,12.0,11.4,11.4,11.9,10.5
6 to 10 hours,6.8,6.6,7.0,6.7,6.6,6.8,5.4,6.9,7.1,6.3,6.1,6.2,6.0
11 to 15 hours,3.0,3.1,3.0,3.1,3.0,3.0,2.5,3.2,3.0,2.7,3.4,3.6,2.9
16 to 20 hours,1.4,1.5,1.4,1.6,1.4,1.3,1.1,1.5,1.5,1.0,1.3,1.4,1.1
Over 20 hours,2.2,2.3,2.2,2.5,2.0,1.9,1.9,2.2,2.3,1.6,2.2,2.2,2.1
"Online social networks (Facebook, Twitter, etc.)",,,,,,,,,,,,,
None,6.0,6.1,5.9,6.5,5.5,5.4,5.8,5.6,6.2,4.5,5.0,4.4,5.9
Less than one hour,15.7,15.7,15.7,16.1,15.3,15.8,14.3,15.2,16.3,13.8,15.0,15.4,14.4
1 to 2 hours,25.9,24.8,27.1,24.2,25.5,25.1,26.1,25.5,27.2,26.8,20.7,20.2,21.7
3 to 5 hours,25.2,24.2,26.4,23.8,24.8,25.0,25.6,24.2,25.9,28.0,20.2,20.0,20.5
6 to 10 hours,13.3,13.6,12.9,13.4,13.8,14.2,13.5,13.7,12.5,14.4,14.2,13.9,14.5
11 to 15 hours,5.8,6.3,5.3,6.2,6.3,6.2,6.4,6.3,5.3,5.5,7.3,7.4,7.1
16 to 20 hours,3.1,3.4,2.7,3.5,3.4,3.2,3.1,3.7,2.7,2.9,5.2,5.5,4.7
Over 20 hours,5.0,5.9,3.9,6.3,5.4,5.1,5.2,5.8,3.9,4.1,12.4,13.1,11.1
The following reasons were “Very Important” in (2),,,,,,,,,,,,,
deciding to go to this particular college:,,,,,,,,,,,,,
My parents wanted me to come here,17.2,18.6,15.5,18.7,18.4,17.4,21.1,18.2,15.6,15.4,22.2,19.2,27.7
My relatives wanted me to come here,8.0,9.0,6.9,8.9,9.2,8.4,10.3,9.5,7.0,6.6,16.0,13.9,19.9
My teacher advised me,7.2,8.4,5.8,8.4,8.5,8.7,8.6,8.2,5.8,6.1,11.2,10.4,12.8
This college has a very good academic reputation,65.4,60.7,70.6,56.2,66.8,68.5,71.2,63.1,69.5,74.8,55.0,49.1,65.8
This college has a good reputation for its social,,,,,,,,,,,,,
activities,42.8,40.3,45.6,38.5,42.8,42.3,44.4,42.5,45.1,47.6,47.6,46.3,50.0
I was offered financial assistance,46.9,51.0,42.2,40.1,65.8,63.2,69.1,67.0,39.3,53.2,52.6,53.5,50.9
The cost of attending this college,44.9,48.0,41.4,53.5,40.5,40.4,46.3,37.8,43.8,32.2,47.8,51.7,40.7
High school counselor advised me,10.4,11.8,8.8,11.9,11.7,12.7,13.2,9.9,8.3,10.6,15.5,15.6,15.3
Private college counselor advised me,4.6,5.4,3.8,4.1,7.1,7.1,6.7,7.2,3.2,6.2,8.2,7.5,9.5
I wanted to live near home,20.7,24.4,16.4,27.9,19.7,17.5,26.2,18.7,16.8,14.8,19.6,20.3,18.2
Not offered aid by first choice,10.6,10.9,10.3,10.9,10.8,10.1,13.6,10.1,10.5,9.2,16.4,16.5,16.4
Could not afford first choice,14.1,14.9,13.2,16.9,12.1,11.6,15.4,11.1,14.2,9.4,19.2,20.7,16.5
This college’s graduates gain admission to top,,,,,,,,,,,,,
graduate/professional schools,32.9,29.1,37.1,25.1,34.6,35.9,40.1,30.7,35.9,41.6,36.8,27.8,53.1
This college’s graduates get good jobs,53.4,50.1,57.2,45.4,56.5,56.8,64.0,52.5,54.8,65.9,51.9,46.0,62.5
I was attracted by the religious affiliation/orientation,,,,,,,,,,,,,
of this college,7.3,9.6,4.6,4.3,16.8,7.1,19.0,25.6,3.0,10.8,15.4,13.0,19.7
I wanted to go to a school about the size of this,,,,,,,,,,,,,
college,36.6,39.4,33.4,30.7,51.1,49.4,52.3,52.3,30.9,43.0,33.9,31.0,39.2
Rankings in national magazines,18.0,12.7,23.9,10.5,15.7,17.3,18.0,13.1,23.3,26.3,16.6,10.5,27.7
Information from a website,18.8,17.6,20.1,15.7,20.2,21.9,20.2,18.6,19.2,23.3,24.9,23.0,28.3
I was admitted through an Early Action or,,,,,,,,,,,,,
Early Decision program,15.7,12.9,18.8,9.5,17.5,19.4,20.2,14.3,17.4,24.1,13.9,11.9,17.7
The athletic department recruited me,9.1,12.8,4.8,7.0,20.7,18.6,14.8,25.5,4.5,6.2,12.9,13.8,11.2
A visit to this campus,42.4,43.8,40.8,36.4,53.9,54.8,51.5,54.2,38.3,50.3,42.5,42.3,42.8
Ability to take online courses,4.1,5.2,3.0,6.0,4.0,3.1,4.5,4.7,3.0,2.8,10.4,10.8,9.8
The percentage of students that graduate from,,,,,,,,,,,,,
this college,31.1,32.7,29.2,28.3,38.7,37.8,44.2,37.0,28.0,33.8,39.9,35.9,47.1
Students rated as “Highest 10%” or “Above,,,,,,,,,,,,,
Average” as compared with the average person,,,,,,,,,,,,,
their age:,,,,,,,,,,,,,
Academic ability,71.1,63.0,80.1,60.9,66.0,67.4,65.5,64.8,79.4,82.6,62.9,60.0,68.1
Artistic ability,28.9,28.8,29.0,28.2,29.6,31.5,25.8,29.5,28.1,32.3,28.9,26.9,32.6
Competitiveness,58.5,57.0,60.1,56.0,58.5,58.1,57.8,59.2,60.1,60.3,62.0,61.1,63.6
Computer skills,32.2,31.0,33.5,32.3,29.2,30.0,30.1,28.0,33.7,32.8,39.9,40.9,38.3
Cooperativeness,70.5,69.9,71.2,69.7,70.1,70.2,72.1,69.1,71.1,71.6,71.7,70.5,73.8
Creativity,53.7,53.6,53.8,52.6,55.1,57.1,52.3,54.5,53.1,56.8,59.2,57.3,62.8
Drive to achieve,77.6,75.6,79.8,74.5,77.1,77.2,77.9,76.6,79.3,81.7,82.9,81.4,85.5
Emotional health,50.7,48.6,53.0,48.2,49.2,48.2,49.8,49.8,52.7,54.2,52.3,50.7,55.2
Leadership ability,62.6,60.7,64.8,58.9,63.1,62.9,62.7,63.5,64.2,67.2,70.7,69.0,73.8
Mathematical ability,47.5,40.0,55.9,39.7,40.3,40.9,41.4,39.3,55.9,56.1,39.3,38.7,40.4
Physical health,54.5,52.5,56.8,50.5,55.4,54.6,55.0,56.4,56.6,57.2,51.6,51.0,52.9
Popularity,33.1,31.4,34.9,30.0,33.4,33.6,34.1,32.9,34.1,38.1,41.9,41.7,42.2
Public speaking ability,38.2,35.7,41.1,34.3,37.5,38.4,36.7,36.9,40.0,45.5,41.3,38.9,45.6
Risk-taking,42.7,42.6,42.7,42.4,42.9,43.1,41.6,43.4,42.3,44.5,50.5,49.2,53.0
Self-confidence (intellectual),59.0,55.2,63.2,54.1,56.7,57.2,54.4,57.2,62.7,64.9,70.1,69.6,70.9
Self-confidence (social),45.9,45.7,46.0,45.7,45.7,45.0,46.5,46.1,45.6,47.6,62.7,61.8,64.5
Self-understanding,56.5,55.1,58.1,54.4,56.1,57.0,55.2,55.5,57.5,60.3,67.1,66.6,68.0
Spirituality,35.7,37.6,33.5,35.8,40.0,35.5,39.6,44.7,32.7,36.7,54.7,53.4,57.2
Understanding of others,69.9,69.1,70.7,68.8,69.5,70.7,70.3,67.9,70.2,72.9,69.6,67.5,73.4
Writing ability,46.1,42.5,50.1,40.5,45.2,45.9,44.9,44.7,49.0,54.6,46.9,44.7,50.9
Students believed current abilities as “A Major,,,,,,,,,,,,,
Strength” or “Somewhat Strong” in each of the,,,,,,,,,,,,,
following areas:,,,,,,,,,,,,,
General knowledge,75.3,72.2,78.7,71.7,72.9,73.5,74.3,71.7,78.5,79.6,76.9,76.7,77.4
Knowledge of a particular field or discipline,68.3,65.4,71.5,63.4,68.2,69.4,67.4,67.3,70.8,74.2,67.1,66.0,69.1
Knowledge of people from different races/cultures,44.2,42.8,45.9,42.0,43.9,45.1,45.0,42.0,44.4,51.7,52.4,51.1,54.9
Understanding of the problems facing your,,,,,,,,,,,,,
community,42.8,41.9,43.8,40.8,43.4,44.5,45.9,41.2,42.5,48.8,56.3,54.2,60.0
Understanding of national issues,37.9,35.6,40.4,34.4,37.1,38.7,38.5,34.9,39.1,45.6,40.7,38.7,44.2
Understanding of global issues,35.0,32.7,37.6,31.7,34.1,35.8,34.9,32.0,36.2,42.6,37.2,36.0,39.3
Critical thinking skills,64.3,59.1,70.1,57.6,61.2,62.8,61.9,59.1,69.4,73.0,62.1,61.0,63.9
Problem-solving skills,69.0,64.3,74.2,63.3,65.6,66.8,65.9,64.2,73.9,75.6,64.9,64.4,65.8
Ability to manage your time effectively,50.3,48.0,52.8,47.0,49.4,48.5,52.4,48.8,52.6,53.8,53.2,53.2,53.2
Foreign language ability,33.5,30.4,37.0,31.2,29.4,31.3,32.4,25.9,35.9,41.4,23.2,21.6,26.1
Interpersonal skills,49.1,44.9,53.8,42.7,47.9,48.3,51.4,45.9,52.2,60.0,50.7,49.1,53.8
Military Status:,,,,,,,,,,,,,
None,97.4,96.1,98.9,94.1,98.9,99.1,98.4,98.8,98.9,99.0,95.4,95.1,95.9
"ROTC, cadet, or midshipman at a service academy",2.2,3.4,0.8,5.3,0.9,0.6,1.4,0.9,0.8,0.9,4.0,4.2,3.6
"In Active Duty, Reserves, or National Guard",0.3,0.4,0.2,0.5,0.2,0.2,0.1,0.2,0.2,0.1,0.5,0.6,0.4
"A discharged veteran NOT serving in Active Duty,",,,,,,,,,,,,,
"Reserves, or National Guard",0.1,0.1,0.1,0.1,0.1,0.1,0.1,0.1,0.1,0.0,0.2,0.2,0.2
How would you describe the racial composition of (1),,,,,,,,,,,,,
the high school you last attended?,,,,,,,,,,,,,
Completely White,6.6,5.4,7.9,3.9,7.5,6.9,7.6,8.0,7.9,7.6,2.4,2.0,3.0
Mostly White,45.5,41.7,49.8,34.9,51.1,51.1,53.2,50.0,49.2,52.0,21.7,20.5,23.9
Roughly half non-White,24.6,25.9,23.2,27.4,24.0,23.9,19.8,26.2,23.3,22.7,28.1,29.8,25.2
Mostly non-White,18.5,21.2,15.4,26.9,13.5,13.9,14.7,12.5,15.8,13.6,33.5,34.6,31.6
Completely non-White,4.8,5.7,3.8,7.0,3.9,4.3,4.6,3.2,3.8,4.2,14.2,13.0,16.4
How would you describe the racial composition of (2),,,,,,,,,,,,,
the neighborhood where you grew up?,,,,,,,,,,,,,
Completely White,15.6,13.9,17.6,10.7,18.3,17.6,19.5,18.4,17.6,17.5,3.8,3.5,4.2
Mostly White,46.0,42.6,49.8,37.8,49.3,49.1,48.0,50.1,49.6,50.7,18.5,18.1,19.2
Roughly half non-White,15.2,16.2,14.0,18.2,13.6,14.0,12.8,13.6,14.1,13.8,20.2,20.4,19.9
Mostly non-White,15.7,18.1,12.9,22.4,12.3,12.7,12.5,11.8,13.3,11.7,33.1,34.1,31.5
Completely non-White,7.5,9.1,5.7,11.0,6.5,6.6,7.1,6.1,5.5,6.3,24.4,23.9,25.3
How many years do you expect it will take you to,,,,,,,,,,,,,
graduate from this college?,,,,,,,,,,,,,
1,0.0,0.1,0.0,0.0,0.1,0.1,0.0,0.1,0.0,0.0,0.1,0.1,0.0
2,0.4,0.6,0.2,0.5,0.7,1.2,0.4,0.4,0.2,0.1,0.5,0.6,0.5
3,2.1,2.1,2.1,1.6,2.7,2.3,1.8,3.5,2.2,1.7,3.2,2.6,4.4
4,84.7,84.4,85.0,80.7,89.2,88.5,88.6,90.2,85.8,82.1,85.3,86.0,84.0
5,9.4,9.5,9.3,13.4,4.2,4.5,5.4,3.2,8.5,12.3,6.4,7.6,4.3
6 or more,2.2,1.9,2.5,1.9,2.0,2.5,2.9,0.9,2.3,3.3,2.9,1.7,5.1
Do not plan to graduate from this college,1.1,1.5,0.7,1.8,1.1,0.8,0.9,1.6,0.8,0.4,1.5,1.5,1.7
Do you have any of the following disabilities or,,,,,,,,,,,,,
medical conditions?,,,,,,,,,,,,,
"Learning disability (dyslexia, etc.)",3.3,4.2,2.3,3.4,5.2,5.5,4.3,5.4,2.0,3.1,3.1,2.8,3.7
Attention deficit hyperactivity disorder (ADHD),5.9,6.7,5.1,5.6,8.1,8.1,6.3,9.1,4.9,5.8,5.5,5.2,6.1
Autism spectrum/Asperger’s syndrome,0.7,0.8,0.6,0.8,0.9,0.9,0.8,1.0,0.6,0.5,0.8,0.8,0.8
"Physical disability (speech, sight, mobility, hearing,",,,,,,,,,,,,,
etc.),3.7,4.2,3.1,4.3,4.1,4.1,3.7,4.2,3.1,3.0,4.1,3.9,4.7
"Chronic illness (cancer, diabetes, autoimmune",,,,,,,,,,,,,
"disorders, etc.)",2.2,2.2,2.2,1.9,2.7,2.8,2.5,2.7,2.2,2.3,2.1,1.9,2.6
"Psychological disorder (depression, etc.)",7.4,7.7,7.0,6.7,9.0,9.8,7.6,8.9,7.0,7.1,3.5,3.2,4.3
Other,4.7,5.2,4.1,4.9,5.7,5.9,5.3,5.7,4.1,4.1,5.9,5.5,6.7
Objectives considered to be “Essential” or,,,,,,,,,,,,,
“Very Important”:,,,,,,,,,,,,,
Becoming accomplished in one of the performing arts,,,,,,,,,,,,,
"(acting, dancing, etc.)",16.7,18.1,15.1,17.2,19.4,18.7,15.8,21.9,14.3,18.0,31.5,30.9,32.6
Becoming an authority in my field,60.2,59.8,60.5,59.4,60.4,60.7,62.6,59.0,59.6,64.2,72.3,70.9,74.8
Obtaining recognition from my colleagues for,,,,,,,,,,,,,
contributions to my special field,57.7,57.1,58.5,56.6,57.7,59.4,60.6,54.5,57.7,61.2,67.8,67.0,69.2
Influencing the political structure,20.9,21.4,20.4,20.7,22.3,22.6,22.3,22.1,19.6,23.0,37.3,35.7,40.3
Influencing social values,43.1,44.3,41.7,42.7,46.5,46.3,47.8,46.1,40.4,46.6,57.3,54.5,62.2
Raising a family,72.3,73.2,71.3,72.7,73.8,70.7,78.7,74.5,71.0,72.4,73.6,72.8,75.0
Being very well off financially,82.4,82.8,82.0,85.6,78.9,79.4,85.8,75.2,82.6,80.1,87.6,86.9,88.8
Helping others who are in difficulty,72.2,72.9,71.3,72.3,73.7,72.8,76.5,73.4,70.4,74.5,76.1,73.6,80.6
Making a theoretical contribution to science,24.8,22.2,27.7,21.8,22.9,23.5,24.5,21.5,28.2,26.0,32.4,29.6,37.4
"Writing original works (poems, novels, etc.)",15.6,16.5,14.5,15.2,18.4,18.9,16.4,18.7,13.8,17.1,26.7,24.7,30.3
"Creating artistic works (painting, sculpture, etc.)",15.3,16.8,13.6,16.2,17.6,18.9,15.5,17.3,12.9,16.3,26.1,26.3,25.8
Becoming successful in a business of my own,39.9,41.1,38.5,41.0,41.3,42.3,43.0,39.3,37.2,43.0,63.8,62.3,66.5
Becoming involved in programs to clean up the,,,,,,,,,,,,,
environment,26.4,26.7,26.1,26.2,27.3,29.2,26.3,26.0,25.6,27.7,42.3,40.5,45.5
Developing a meaningful philosophy of life,44.6,43.4,46.0,41.8,45.7,47.3,44.0,45.0,44.6,51.1,53.5,51.6,56.9
Participating in a community action program,29.9,29.7,30.2,28.0,32.1,32.1,34.5,30.9,28.7,35.4,49.0,45.4,55.7
Helping to promote racial understanding,36.6,37.2,35.8,36.5,38.0,39.5,38.9,36.1,34.6,40.4,55.8,50.8,64.7
Keeping up to date with political affairs,35.0,32.3,38.2,30.5,34.8,36.6,35.5,32.7,36.6,43.8,40.3,36.2,47.7
Becoming a community leader,36.4,35.0,37.9,33.1,37.7,37.1,39.2,37.4,36.6,42.7,52.9,48.8,60.2
Improving my understanding of other countries and,,,,,,,,,,,,,
cultures,50.7,47.9,53.9,45.3,51.6,54.1,51.1,49.4,52.0,60.7,52.9,48.1,61.6
Adopting “green” practices to protect the,,,,,,,,,,,,,
environment,40.7,38.5,43.3,37.8,39.3,43.5,39.7,35.0,42.6,45.6,39.8,37.0,45.0
Students estimate “Very Good Chance” that,,,,,,,,,,,,,
they will:,,,,,,,,,,,,,
Change major field,13.0,11.8,14.5,12.8,10.5,11.2,10.1,10.0,15.0,12.8,9.2,9.1,9.3
Change career choice,12.8,11.2,14.8,10.8,11.7,12.9,11.0,10.9,15.0,14.1,7.7,7.3,8.3
Participate in student government,6.9,7.1,6.7,7.1,7.0,7.2,8.1,6.4,6.3,8.0,14.5,13.6,16.1
Get a job to help pay for college expenses,48.8,51.0,46.1,52.7,48.8,48.5,50.6,48.3,47.5,41.0,46.1,47.2,44.1
Work full-time while attending college,7.6,8.8,6.3,10.6,6.4,5.9,7.2,6.4,6.7,4.6,12.3,11.9,12.8
Join a social fraternity or sorority,13.6,11.3,16.3,11.7,10.8,10.1,8.8,12.5,15.1,20.9,29.5,28.2,32.0
"Play club, intramural, or recreational sports",29.8,27.5,32.5,25.7,30.1,29.1,32.8,29.8,32.4,33.1,23.1,22.4,24.4
"Play intercollegiate athletics (e.g., NCAA or",,,,,,,,,,,,,
NAIA-sponsored),12.8,17.9,6.8,11.8,26.4,25.5,19.2,30.8,6.3,8.4,19.9,20.9,18.2
Make at least a “B” average,67.8,65.8,70.2,63.4,69.1,70.0,72.9,66.4,69.1,74.1,65.7,64.4,68.0
Need extra time to complete your degree,,,,,,,,,,,,,
requirements,6.2,7.2,5.1,7.9,6.1,5.6,6.3,6.4,5.4,4.3,12.8,13.4,11.7
Participate in student protests or demonstrations,5.6,5.9,5.2,5.4,6.7,7.5,5.9,6.4,5.0,6.0,12.9,11.6,15.4
Transfer to another college before graduating,5.5,6.8,4.0,7.7,5.7,5.1,4.8,6.7,4.2,3.5,12.8,12.9,12.6
Be satisfied with your college,57.7,55.4,60.5,52.5,59.3,60.1,61.7,57.4,59.1,65.7,47.8,44.4,54.0
Participate in volunteer or community service work,33.8,31.2,37.0,26.7,37.2,35.8,42.5,36.1,34.4,46.3,41.2,36.9,49.0
Seek personal counseling,11.9,12.1,11.7,11.9,12.3,12.8,12.4,11.7,11.8,11.5,18.0,17.2,19.6
Communicate regularly with your professors,40.8,40.9,40.7,37.1,46.2,48.5,47.5,43.3,38.8,47.6,43.1,39.6,49.5
Socialize with someone of another racial/ethnic group,66.9,65.1,68.9,64.3,66.2,68.3,68.6,62.9,67.8,73.0,55.3,53.2,59.0
Participate in student clubs/groups,50.5,46.0,55.9,43.7,49.1,52.1,54.3,43.7,53.7,63.7,43.2,39.1,50.8
Participate in a study abroad program,34.1,29.8,39.1,24.2,37.6,39.6,39.3,34.7,36.9,46.8,30.1,24.4,40.3
Have a roommate of a different race/ethnicity,31.6,30.7,32.7,29.4,32.6,36.3,30.1,30.1,31.1,38.4,24.4,25.2,22.8
Discuss course content with students outside of class,49.8,46.0,54.2,43.2,49.9,52.5,51.9,46.4,52.8,59.1,39.5,35.3,47.1
Work on a professor’s research project,32.7,33.7,31.6,33.3,34.2,35.4,36.1,32.1,31.2,33.1,44.0,43.8,44.4
Get tutoring help in specific courses,32.9,34.9,30.6,36.0,33.3,33.5,37.2,31.2,30.7,30.2,46.6,44.8,49.7
Take courses from more than one college,,,,,,,,,,,,,
simultaneously,6.3,6.1,6.5,6.0,6.3,6.4,7.0,5.7,6.5,6.6,11.5,10.0,14.2
Take a leave of absence from this college temporarily,2.5,2.9,2.0,2.8,3.0,2.6,3.3,3.3,1.8,2.4,6.8,7.0,6.5
Take a course exclusively online at this institution,6.7,7.5,5.7,8.4,6.2,5.0,7.5,6.6,6.1,4.4,12.0,13.0,10.2
Take a course exclusively online at a different,,,,,,,,,,,,,
institution,3.0,3.3,2.6,3.3,3.4,2.9,3.5,3.8,2.6,2.7,7.7,7.9,7.5
"Vote in a local, state, or national election",50.3,46.6,54.5,45.1,48.7,48.8,49.5,48.3,54.3,55.2,48.9,46.9,52.4
